,water,sand,silt,clay,gases,geoarea,organic_matter,value
0,6,594,20,65,12,city,46,2023.6000000000001
1,3,526,19,55,8,ice,20,1710.6
2,7,1018,18,93,2,city,46,3066.2
3,4,250,13,92,5,city,22,1043.8
4,6,483,24,96,9,city,23,1743.1
5,9,407,13,96,8,forest,14,1508.1
6,2,845,21,97,2,forest,50,2690.3
7,6,991,16,91,9,ice,25,2972.5
8,7,474,11,61,5,forest,39,1635.0
9,4,1131,17,62,10,ice,22,3252.3
10,3,228,15,53,14,forest,50,1106.4
11,7,1114,12,88,6,forest,36,3297.9999999999995
12,7,768,18,51,13,city,32,2383.2
13,2,616,14,75,3,city,21,1899.8
14,5,185,17,76,13,city,26,945.5000000000001
15,4,1298,16,76,3,ice,30,3669.7999999999997
16,1,410,23,64,10,city,33,1498.3999999999999
17,7,1242,17,57,8,forest,32,3581.4
18,5,526,16,56,11,ice,43,1800.0
19,1,213,12,96,10,forest,34,1055.5
20,4,1268,11,95,10,forest,24,3667.8
21,0,402,16,89,12,city,16,1446.4
22,9,843,12,61,2,ice,15,2445.1
23,5,687,12,62,11,city,39,2166.9
24,8,1086,11,92,12,forest,25,3243.8
25,0,444,13,66,12,forest,19,1534.4
26,9,913,17,66,2,city,20,2665.1
27,2,900,21,85,13,forest,46,2867.7999999999997
28,6,1124,10,70,5,forest,48,3297.6
29,3,1270,10,57,6,forest,32,3575.0
30,8,1176,21,54,12,city,29,3416.0000000000005
31,2,1192,23,75,2,forest,44,3502.2000000000003
32,4,460,14,65,5,ice,19,1517.8
33,2,1109,20,85,7,ice,28,3253.5
34,6,803,14,77,10,forest,42,2551.3
35,4,674,20,78,10,ice,45,2236.6
36,8,1284,21,96,8,city,17,3711.2
37,6,1212,10,61,12,forest,33,3500.2
38,1,787,15,86,7,city,25,2394.1
39,3,880,10,79,8,ice,14,2575.2000000000003
40,8,684,14,72,14,city,23,2178.8
41,1,688,18,65,12,ice,47,2236.8
42,9,1282,21,63,9,city,23,3665.0
43,8,588,23,59,5,ice,13,1879.3999999999999
44,9,1070,14,56,13,city,13,3074.3999999999996
45,4,1225,15,94,5,city,26,3510.5
46,1,593,17,86,11,ice,34,1990.7
47,3,118,20,78,10,ice,40,825.6
48,6,496,10,52,4,city,28,1574.8
49,7,1100,23,64,13,city,43,3307.0
50,2,950,11,85,9,city,18,2772.4
51,0,921,18,96,5,city,41,2800.8999999999996
52,3,554,12,95,14,ice,39,1930.6
53,1,824,15,68,2,ice,25,2423.0
54,7,1188,14,62,10,forest,41,3482.6
55,3,1199,20,91,8,city,28,3491.8999999999996
56,1,810,11,70,7,city,43,2450.0
57,5,242,23,86,8,city,17,1081.2
58,5,1016,24,76,12,forest,35,3128.6
59,9,927,16,78,3,ice,17,2730.1
60,3,704,13,69,4,ice,38,2179.2
61,5,404,10,74,5,city,29,1398.6
62,1,835,22,55,6,city,35,2512.7
63,9,390,13,85,1,city,48,1457.8000000000002
64,1,201,15,51,4,city,35,862.5
65,9,966,16,71,11,city,49,2960.2
66,3,1067,24,81,12,forest,45,3289.1
67,7,1073,16,65,10,forest,26,3165.7
68,6,941,23,67,13,ice,22,2855.9
69,8,1061,16,54,5,ice,33,3072.9
70,7,1041,12,85,7,ice,35,3082.9
71,4,1126,15,79,13,forest,12,3284.8
72,1,184,22,94,5,city,29,944.5999999999999
73,4,427,17,68,13,city,23,1518.2999999999997
74,7,915,13,72,13,forest,39,2831.3
75,9,553,22,83,1,ice,18,1830.8999999999999
76,8,728,17,62,11,forest,34,2340.4
77,8,1277,11,92,7,ice,32,3677.7000000000003
78,0,764,24,78,8,ice,45,2451.2
79,8,111,19,85,13,city,22,794.5
80,6,1256,18,71,7,ice,33,3614.2
81,8,403,18,96,11,city,46,1605.1000000000001
82,7,1074,17,85,14,ice,40,3261.8
83,0,882,19,58,13,forest,39,2719.0
84,7,142,23,88,4,ice,29,867.2
85,7,1043,22,68,8,ice,25,3085.7
86,2,442,19,87,5,ice,29,1573.2
87,0,597,10,55,10,city,39,1882.3
88,7,463,11,96,9,ice,35,1670.5
89,2,990,15,64,12,city,19,2875.0000000000005
90,2,526,19,69,12,ice,19,1762.0
91,0,1104,14,58,10,forest,15,3145.6
92,4,120,21,81,5,city,38,793.8000000000001
93,9,506,23,53,1,city,47,1734.2
94,6,718,18,99,12,city,16,2300.4
95,9,1114,14,67,9,city,44,3279.0000000000005
96,8,435,11,54,12,ice,45,1566.7
97,6,1240,19,69,5,ice,41,3587.0
98,8,1247,13,72,6,city,19,3509.9
99,7,498,18,60,4,forest,50,1762.8
100,1,892,10,86,6,forest,37,2699.7999999999997
101,0,814,20,71,12,ice,48,2575.2
102,6,150,10,53,8,forest,45,837.2
103,6,423,21,78,3,ice,18,1488.2999999999997
104,7,888,16,93,5,city,39,2728.4
105,4,240,20,83,2,city,50,1109.0
106,2,569,12,62,14,ice,50,1925.7
107,7,886,19,91,2,forest,39,2757.4
108,5,1063,11,58,13,city,25,3061.7
109,2,1107,18,91,7,city,49,3304.9
110,0,472,12,80,10,ice,15,1572.0
111,2,593,11,56,13,forest,29,1922.1
112,4,850,21,53,10,city,36,2586.7999999999997
113,2,1279,17,68,14,forest,18,3671.5
114,0,390,19,91,11,forest,49,1579.2
115,4,1267,15,79,10,forest,39,3702.1000000000004
116,9,205,15,80,6,ice,16,941.9000000000001
117,6,769,19,84,4,city,14,2336.9000000000005
118,6,101,20,70,5,ice,42,750.9
119,8,688,16,80,1,city,31,2150.4
120,9,743,16,68,7,forest,30,2348.5
121,9,189,20,80,8,city,22,953.5
122,2,449,22,81,9,forest,14,1606.3
123,6,1231,24,51,8,ice,34,3554.1
124,0,1162,15,59,5,ice,18,3242.4
125,3,1008,13,51,3,forest,34,2909.6
126,3,258,20,51,10,ice,18,1045.8000000000002
127,4,1058,18,73,11,ice,45,3180.7999999999997
128,6,411,15,66,9,forest,30,1507.5
129,6,544,13,81,6,forest,20,1807.4
130,3,397,21,65,5,ice,29,1429.3
131,6,1051,12,65,13,city,36,3093.2999999999997
132,2,135,13,95,3,ice,25,760.1
133,5,1207,12,88,6,city,36,3478.4999999999995
134,1,1295,24,80,3,ice,30,3704.1
135,9,658,11,92,10,ice,50,2214.4
136,8,990,23,73,12,ice,26,3007.2
137,4,240,14,50,6,ice,27,967.6
138,5,986,11,60,4,ice,38,2862.4
139,3,1241,15,70,2,ice,21,3467.1
140,9,825,12,53,8,forest,15,2455.7
141,6,1149,15,56,4,ice,30,3264.5
142,8,620,24,75,9,forest,39,2142.6
143,6,109,20,96,7,ice,32,810.5
144,0,1083,19,99,12,ice,25,3229.7000000000003
145,0,477,18,61,2,forest,44,1643.9
146,8,781,10,80,4,ice,21,2348.5
147,8,683,15,66,5,city,30,2126.7
148,3,251,18,82,3,city,41,1095.7
149,8,819,20,60,9,forest,33,2563.9
150,2,1172,13,77,13,ice,14,3349.8
151,6,1277,20,81,5,ice,48,3734.2999999999997
152,5,958,21,50,2,ice,29,2787.2000000000003
153,7,149,11,96,11,forest,22,888.3000000000001
154,8,763,22,77,3,forest,13,2366.1
155,4,630,13,91,14,ice,23,2071.6
156,0,1183,10,56,9,forest,17,3313.9
157,2,1290,12,51,7,city,40,3609.6
158,9,956,19,91,2,ice,41,2918.7999999999997
159,7,245,18,73,9,forest,13,1076.5
160,5,1014,19,53,14,city,20,2967.4
161,7,1092,14,93,4,ice,13,3148.0
162,8,341,24,68,13,ice,40,1431.6999999999998
163,3,680,20,75,9,city,44,2217.6000000000004
164,0,786,15,60,13,ice,21,2371.7999999999997
165,0,582,12,89,2,forest,45,1935.2
166,9,1231,14,99,12,forest,19,3625.5000000000005
167,3,772,20,92,10,forest,48,2547.0
168,6,730,17,60,12,forest,44,2370.2000000000003
169,1,760,15,94,4,forest,17,2339.0000000000005
170,2,761,13,52,5,forest,30,2290.9
171,0,904,11,61,2,ice,43,2636.2
172,4,518,23,52,10,city,38,1773.0
173,0,1087,18,91,1,forest,12,3125.2999999999997
174,7,1283,22,76,7,ice,44,3756.9
175,0,749,21,98,10,ice,43,2447.7
176,0,1068,10,51,1,forest,16,2954.5999999999995
177,1,689,10,98,11,forest,28,2225.8999999999996
178,1,1200,22,65,11,forest,19,3474.0
179,5,608,13,51,8,forest,45,1990.8
180,6,540,16,79,3,forest,20,1789.3999999999999
181,4,1020,10,69,14,ice,34,3015.4000000000005
182,0,869,18,87,10,city,46,2703.1
183,0,362,13,77,6,city,18,1265.2
184,2,736,12,74,7,ice,26,2242.4
185,1,1290,10,81,10,forest,31,3693.3999999999996
186,4,558,19,59,1,ice,36,1805.2
187,9,1098,13,91,14,forest,14,3267.8
188,5,799,18,89,6,ice,35,2505.5
189,6,401,22,82,7,ice,45,1563.3000000000002
190,3,1225,23,62,6,ice,33,3524.7
191,6,653,19,90,4,city,22,2085.7
192,7,387,15,91,1,forest,19,1414.7
193,0,1290,15,96,11,city,50,3777.3999999999996
194,5,720,10,86,9,city,46,2298.2
195,7,1105,19,65,4,forest,49,3294.1000000000004
196,4,135,11,94,7,forest,19,795.4999999999999
197,3,843,20,71,7,ice,48,2626.7
198,1,452,15,69,2,forest,38,1566.8
199,5,172,11,99,1,ice,39,894.8
200,5,747,12,92,8,ice,45,2392.5
201,0,1193,13,76,8,forest,43,3476.8999999999996
202,8,524,20,90,7,ice,26,1825.6000000000001
203,5,1098,14,65,14,ice,28,3211.4
204,2,807,24,83,8,ice,44,2576.5
205,3,660,18,81,3,forest,27,2113.2
206,3,927,21,75,11,forest,40,2884.7
207,2,1055,24,74,2,ice,20,3056.7000000000003
208,9,616,24,51,7,city,44,2044.4
209,2,527,13,61,8,city,40,1737.3
210,2,259,22,89,1,forest,24,1123.3
211,3,248,20,58,12,ice,32,1095.4
212,6,875,18,61,10,forest,32,2688.1
213,3,166,20,75,9,city,16,843.0
214,8,1113,19,58,13,forest,21,3278.8999999999996
215,0,480,12,59,11,ice,17,1559.4
216,7,157,17,81,4,city,24,825.3
217,6,441,21,83,14,city,12,1592.3
218,1,1253,10,97,12,forest,31,3650.5
219,7,826,20,69,14,forest,19,2587.4000000000005
220,0,1295,18,88,4,ice,21,3659.1
221,8,869,18,51,3,city,20,2530.2999999999997
222,8,713,19,50,6,forest,14,2188.5
223,1,453,11,85,1,ice,22,1492.1000000000001
224,6,215,13,73,6,forest,23,976.9000000000001
225,9,761,22,76,2,city,21,2340.2999999999997
226,2,552,17,51,9,forest,36,1838.2
227,6,386,16,80,2,city,36,1408.6000000000001
228,9,1116,10,63,7,city,22,3166.4
229,8,410,14,51,12,city,47,1510.0000000000002
230,3,307,16,78,1,city,50,1229.3
231,0,717,24,64,12,city,37,2294.1000000000004
232,1,545,13,61,7,ice,25,1734.1000000000001
233,0,769,24,86,5,forest,50,2505.7
234,4,732,24,77,8,forest,12,2313.4
235,4,154,10,69,4,ice,15,717.5999999999999
236,6,1011,18,88,12,forest,41,3130.7
237,8,1135,23,73,10,city,23,3333.7
238,8,756,14,70,7,forest,46,2419.6
239,2,1079,20,59,6,ice,24,3101.3
240,2,614,11,95,5,city,42,2002.4
241,2,336,17,63,4,ice,49,1300.1999999999998
242,3,447,20,86,7,ice,34,1624.9
243,7,726,22,67,12,city,15,2275.8
244,5,1227,11,73,5,forest,27,3495.5
245,7,729,12,63,5,forest,18,2215.7
246,0,463,23,83,1,ice,33,1614.8999999999999
247,7,420,19,61,2,ice,40,1499.6000000000001
248,3,385,10,71,5,city,22,1312.1000000000001
249,0,248,20,55,13,forest,44,1149.4
250,7,1207,11,85,3,city,40,3467.1
251,3,505,23,94,14,city,50,1895.1
252,5,1077,16,85,13,forest,23,3221.7
253,7,555,19,71,2,ice,18,1788.7
254,3,899,11,63,14,ice,50,2751.9
255,2,1284,15,65,14,ice,37,3696.2000000000003
256,8,1112,24,85,4,ice,20,3267.8
257,2,883,12,74,4,city,45,2637.1000000000004
258,8,559,13,81,4,forest,24,1853.3
259,1,837,20,82,4,city,47,2589.1000000000004
260,1,608,24,94,3,city,36,2024.6
261,1,580,22,85,13,ice,35,2003.6
262,5,213,17,69,12,ice,28,1011.3
263,2,848,23,67,7,city,13,2519.4
264,8,460,12,87,9,city,24,1607.0
265,3,440,19,52,12,city,42,1576.2000000000003
266,0,869,15,72,5,ice,40,2608.9
267,3,860,10,81,4,forest,39,2610.8
268,0,1068,16,94,11,ice,38,3197.6
269,4,548,17,65,2,forest,26,1786.6000000000001
270,3,934,20,54,2,ice,42,2761.6000000000004
271,7,410,23,53,5,forest,26,1487.8
272,7,361,17,70,7,city,44,1396.7
273,6,505,12,89,10,city,31,1743.5
274,2,242,23,63,10,forest,23,1091.2
275,0,441,19,88,9,forest,48,1682.5
276,0,1224,10,80,13,ice,20,3477.6
277,2,343,18,63,7,city,34,1285.3
278,5,589,22,55,5,ice,19,1871.3
279,6,111,15,61,10,city,43,753.3000000000001
280,5,660,20,65,10,ice,25,2114.0
281,5,141,18,66,10,forest,38,878.3000000000001
282,5,777,16,94,6,forest,36,2482.7
283,2,693,10,72,11,city,24,2128.9
284,5,1281,21,63,12,city,32,3692.9
285,7,233,21,56,3,forest,42,1076.7
286,1,1190,10,95,5,city,48,3450.6
287,4,1130,15,81,8,ice,16,3245.9999999999995
288,0,1047,14,64,1,city,24,2938.3
289,0,172,18,93,12,city,39,965.8
290,4,498,11,66,1,ice,36,1622.6000000000001
291,2,677,17,90,7,forest,46,2254.1
292,3,958,20,96,14,forest,50,3056.0
293,2,229,14,93,5,forest,18,1018.7
294,0,1030,11,83,14,city,49,3093.2000000000003
295,0,365,22,54,5,city,43,1348.8999999999999
296,4,892,19,94,1,city,14,2634.8
297,5,352,20,76,9,forest,50,1471.0
298,2,921,20,72,1,forest,48,2805.7
299,8,263,21,89,5,forest,33,1214.8999999999999
300,4,194,15,63,10,ice,19,890.4
301,7,932,19,64,9,forest,28,2828.2000000000003
302,0,1233,17,92,14,ice,38,3633.3
303,4,435,13,82,4,ice,44,1559.5
304,2,921,11,80,13,ice,28,2761.7
305,0,337,21,84,8,city,23,1296.4999999999998
306,3,480,20,66,6,forest,38,1699.0
307,4,998,14,77,11,forest,19,2962.4
308,6,582,24,68,3,ice,34,1932.9999999999998
309,0,1001,21,95,4,city,40,3006.3
310,2,1148,11,72,2,forest,31,3272.0
311,1,1240,11,81,1,forest,27,3496.7999999999997
312,8,581,24,89,13,city,28,2027.4999999999998
313,9,1016,15,62,14,forest,27,3052.6000000000004
314,5,1093,20,69,8,city,30,3194.9
315,9,1063,19,84,1,ice,19,3093.3
316,2,636,18,54,14,forest,49,2138.4
317,7,1202,22,58,13,ice,49,3574.0
318,7,1296,13,78,11,city,40,3743.7999999999997
319,1,1135,15,55,1,city,47,3223.1
320,5,227,16,74,4,ice,37,1022.4999999999999
321,6,191,22,80,10,ice,42,1045.9
322,1,642,20,71,12,ice,23,2070.2
323,9,945,15,51,10,ice,28,2795.2999999999997
324,1,1088,17,94,6,ice,26,3184.2
325,9,546,13,54,9,ice,20,1759.6
326,0,489,21,76,1,city,50,1694.9
327,7,771,24,74,7,forest,23,2447.3
328,0,142,10,57,10,city,43,762.0
329,8,353,16,50,11,ice,36,1346.9
330,5,1253,12,69,5,ice,50,3601.3
331,6,1183,23,93,12,city,29,3521.3
332,9,762,15,72,8,forest,26,2393.2
333,6,566,11,81,14,city,43,1939.6
334,9,386,18,60,7,forest,17,1408.8000000000002
335,2,1110,10,88,4,city,46,3226.6
336,1,877,15,96,4,city,45,2683.5
337,8,444,15,73,6,forest,49,1654.6
338,7,741,14,60,6,forest,16,2251.8999999999996
339,9,481,22,78,9,forest,29,1762.6999999999998
340,6,789,14,75,12,ice,27,2448.3
341,8,1179,10,65,5,city,19,3299.3
342,3,556,19,84,8,ice,36,1900.6
343,3,1082,21,69,5,city,43,3183.4
344,0,182,14,95,2,forest,37,934.8
345,7,1222,11,52,6,ice,33,3443.2
346,2,248,16,50,9,ice,42,1059.2
347,6,1279,12,96,13,forest,21,3725.4999999999995
348,1,289,22,50,3,forest,23,1118.7
349,1,982,24,66,1,city,39,2893.2
350,6,362,13,51,1,ice,17,1210.8000000000002
351,5,1203,12,78,13,forest,31,3522.8999999999996
352,2,499,12,69,3,forest,16,1608.1
353,8,863,13,55,10,city,34,2589.3
354,9,708,14,57,5,city,20,2136.4
355,5,884,10,78,3,forest,40,2670.2
356,9,200,13,97,9,city,27,999.5999999999999
357,9,919,21,82,8,forest,33,2866.1
358,5,919,21,52,3,forest,19,2699.3
359,0,519,20,84,9,city,31,1778.3
360,3,223,17,54,13,city,25,978.9
361,9,521,19,76,6,ice,50,1855.9
362,5,1186,16,93,13,ice,48,3561.7999999999997
363,5,867,18,61,7,forest,45,2683.1
364,4,582,14,69,4,ice,22,1834.0
365,0,618,22,94,4,ice,44,2077.4
366,7,254,24,69,12,ice,42,1210.6000000000001
367,4,191,19,58,13,forest,45,1030.7
368,4,1081,13,88,2,city,18,3078.1
369,6,554,17,53,5,forest,34,1832.3999999999999
370,3,697,18,68,8,city,18,2142.2999999999997
371,5,609,22,87,7,forest,36,2090.5
372,3,485,16,76,7,ice,14,1609.9
373,2,504,23,94,6,ice,49,1838.8
374,6,345,16,92,3,city,31,1323.7
375,7,841,14,62,5,ice,45,2561.9
376,3,760,13,62,13,forest,41,2408.2
377,1,749,23,71,1,city,28,2280.4999999999995
378,9,1000,19,77,7,city,21,2958.0
379,2,164,10,96,9,forest,46,957.2
380,0,1136,19,94,1,city,31,3279.2
381,7,312,19,71,13,forest,29,1325.6
382,2,341,16,92,2,ice,38,1320.9
383,9,592,10,68,3,forest,47,1960.6
384,6,437,10,57,3,ice,34,1462.3
385,9,272,14,57,8,ice,43,1153.6
386,4,771,22,91,7,forest,21,2451.2999999999997
387,9,263,18,75,6,ice,22,1113.1000000000001
388,4,564,15,97,10,city,49,1974.2
389,6,1094,12,75,10,ice,17,3152.4
390,8,596,22,72,11,ice,45,2067.6000000000004
391,4,799,12,92,4,forest,47,2525.1000000000004
392,0,494,16,62,9,ice,48,1709.8000000000002
393,9,802,15,77,1,city,28,2418.2
394,9,407,18,58,11,city,23,1462.8999999999999
395,0,282,15,69,2,ice,32,1087.6
396,1,728,14,68,14,forest,30,2309.4
397,5,609,19,97,4,city,14,1960.5
398,8,645,16,88,3,city,29,2068.5
399,7,723,10,61,1,city,30,2151.9
400,4,693,21,64,5,ice,17,2133.7000000000003
401,0,843,16,80,7,forest,27,2570.3
402,6,653,12,63,2,ice,19,1972.3
403,4,120,23,60,5,forest,29,772.8
404,5,653,18,75,6,city,50,2145.7
405,6,496,24,91,11,forest,23,1821.0
406,2,724,15,76,7,forest,21,2248.7999999999997
407,9,204,18,60,1,city,18,871.8000000000001
408,2,291,22,87,7,city,12,1161.7000000000003
409,4,116,24,83,4,city,47,827.8
410,5,1243,14,92,8,ice,32,3602.9
411,8,492,16,68,13,ice,48,1786.7999999999997
412,4,524,22,55,4,city,35,1735.8
413,0,228,23,95,6,forest,36,1129.4
414,3,1253,13,87,9,city,18,3551.3
415,4,671,24,98,5,ice,28,2206.7
416,9,128,16,91,14,city,40,902.0
417,9,1220,22,77,12,city,41,3626.0
418,4,1133,10,50,4,ice,18,3132.9
419,6,341,16,84,8,city,44,1373.6999999999998
420,3,331,17,89,13,ice,18,1315.4999999999998
421,0,888,14,57,9,forest,35,2660.2000000000003
422,4,814,11,96,4,city,22,2443.4
423,6,858,14,56,3,ice,20,2491.7999999999997
424,9,901,15,60,8,forest,23,2704.7
425,9,875,21,88,14,city,46,2812.1
426,5,825,11,53,5,city,15,2366.1
427,4,299,23,74,2,forest,47,1287.1000000000001
428,3,1044,15,61,10,forest,39,3100.0
429,1,178,15,75,9,city,24,858.5999999999999
430,3,1055,10,87,3,forest,34,3088.3
431,9,955,23,95,12,ice,30,2985.9
432,9,1296,10,61,2,forest,48,3701.2
433,2,566,23,92,1,city,50,1944.6000000000001
434,9,680,20,86,14,ice,35,2291.0
435,0,1039,19,95,8,ice,27,3088.5
436,7,548,12,73,11,ice,44,1881.6
437,4,186,23,65,3,forest,23,915.2
438,3,200,19,62,7,forest,45,1013.8
439,7,1131,19,74,1,city,18,3216.1
440,6,944,24,53,1,forest,22,2782.2
441,1,186,21,60,12,city,42,960.8
442,0,142,12,81,9,forest,40,852.0
443,3,507,13,98,12,ice,24,1763.3
444,7,763,11,56,8,city,42,2335.7
445,1,1140,18,95,12,city,13,3312.0
446,2,247,19,60,13,city,50,1139.1
447,0,376,21,77,3,forest,26,1394.2
448,0,331,20,90,6,forest,22,1313.1000000000001
449,2,465,23,72,11,city,45,1704.1000000000001
450,4,535,16,94,3,forest,50,1895.8999999999999
451,2,498,16,72,13,ice,15,1675.0
452,0,598,24,99,12,ice,22,2037.6000000000001
453,0,639,15,77,4,city,40,2025.7
454,7,662,24,92,1,forest,13,2139.2000000000003
455,9,541,12,96,5,forest,27,1857.1000000000001
456,1,872,15,75,1,forest,50,2661.2
457,2,449,24,74,13,ice,24,1633.6999999999998
458,1,619,23,78,1,ice,48,2046.9
459,2,237,21,68,10,city,28,1051.7
460,6,1091,17,82,11,ice,32,3245.5
461,0,467,17,85,11,forest,30,1685.7
462,9,459,20,63,14,city,18,1621.4999999999998
463,7,1020,22,63,7,city,49,3074.8
464,9,428,18,84,12,forest,19,1609.0
465,9,1061,24,79,6,city,24,3147.3
466,9,562,10,77,2,city,48,1859.4
467,1,1045,23,66,14,ice,13,3067.1
468,2,1062,10,52,11,forest,22,3043.0
469,8,935,12,65,12,ice,35,2814.9
470,6,268,12,95,2,ice,17,1073.8
471,3,316,19,79,11,ice,37,1314.4
472,9,477,17,78,7,forest,18,1673.1
473,4,218,24,94,1,forest,50,1137.0
474,1,289,19,64,13,forest,30,1225.8999999999999
475,7,866,10,95,2,city,17,2549.8
476,3,469,22,74,12,city,40,1708.7
477,8,248,11,87,8,forest,50,1189.0
478,4,751,11,91,6,forest,13,2302.4999999999995
479,8,869,12,96,14,forest,30,2746.5
480,3,473,22,87,2,forest,15,1637.3000000000002
481,9,880,15,72,7,city,17,2610.2000000000003
482,4,259,10,74,4,ice,48,1096.6999999999998
483,8,450,11,91,2,city,39,1582.4
484,7,991,22,56,12,ice,41,3009.2999999999997
485,2,622,24,71,6,city,18,1978.0
486,0,621,22,66,11,ice,20,1996.9
487,2,882,10,67,9,forest,36,2656.4
488,3,372,14,98,11,forest,44,1518.6
489,1,1035,22,90,9,city,12,3037.7000000000003
490,0,282,22,59,14,city,17,1134.0
491,6,587,16,59,8,forest,29,1927.6999999999998
492,7,945,17,56,3,city,21,2723.4999999999995
493,6,223,19,97,3,ice,39,1085.3
494,4,1084,10,99,2,city,22,3104.6000000000004
495,0,889,16,87,5,ice,44,2710.7000000000003
496,6,513,22,76,14,city,12,1762.9
497,6,1295,14,82,12,forest,24,3749.1000000000004
498,8,785,19,50,14,forest,48,2534.9
499,2,212,10,93,4,ice,31,956.6
500,8,987,12,83,7,ice,12,2874.9
501,0,221,16,53,4,forest,14,892.6999999999999
502,0,138,19,66,9,ice,29,785.8
503,3,596,10,53,12,forest,25,1902.0
504,8,879,16,92,12,forest,42,2810.7000000000003
505,5,1042,14,75,2,forest,38,3069.0
506,2,248,10,53,11,city,28,987.4000000000001
507,0,1121,10,50,14,forest,40,3255.3
508,3,760,23,56,6,city,47,2381.7999999999997
509,8,401,10,79,7,ice,48,1504.3000000000002
510,2,337,20,99,4,forest,37,1391.5
511,8,746,18,58,13,ice,28,2347.7999999999997
512,6,762,20,84,6,ice,33,2412.6
513,3,335,22,57,7,city,36,1287.5000000000002
514,2,302,12,73,4,ice,13,1092.0
515,9,355,24,68,8,city,33,1401.2999999999997
516,4,697,22,85,9,forest,16,2251.5
517,4,761,14,99,1,forest,15,2333.5
518,2,334,20,92,7,ice,47,1392.2000000000003
519,8,633,19,76,9,forest,17,2076.9
520,3,959,21,81,12,ice,32,2929.5
521,4,869,18,63,10,ice,24,2611.9
522,3,640,15,67,5,city,48,2054.0
523,4,312,21,77,12,ice,36,1321.0000000000002
524,6,562,18,78,2,ice,37,1871.4
525,8,535,17,65,10,city,50,1866.5
526,6,382,17,84,6,ice,31,1438.2
527,4,187,10,96,12,city,44,997.9000000000001
528,9,1167,22,80,12,ice,25,3460.9
529,9,560,18,53,7,ice,47,1894.4
530,6,377,15,86,2,forest,28,1409.7
531,9,520,18,66,2,forest,32,1769.0000000000002
532,4,795,12,88,10,ice,27,2455.5
533,2,614,21,97,14,forest,27,2125.6
534,6,802,12,95,12,forest,31,2555.6
535,1,118,15,75,10,city,40,767.0
536,8,122,18,97,1,ice,39,822.4000000000001
537,9,512,16,88,4,forest,19,1758.1999999999998
538,9,1153,23,90,7,city,35,3437.9
539,0,207,22,53,14,forest,14,965.6999999999999
540,5,1251,12,79,9,city,36,3590.3
541,6,1234,12,79,3,city,30,3490.4
542,7,235,11,71,12,ice,44,1095.9
543,9,461,18,60,11,forest,13,1612.3
544,8,228,22,51,7,forest,26,1041.8000000000002
545,1,614,24,93,7,ice,33,2068.6
546,9,548,12,61,7,city,21,1750.8000000000002
547,1,1227,20,79,2,city,29,3485.5000000000005
548,4,973,14,85,6,ice,33,2896.2999999999997
549,4,572,23,67,2,city,38,1883.4
550,5,1133,23,75,6,ice,24,3304.5
551,2,401,18,56,13,ice,44,1502.1
552,7,330,17,50,10,city,16,1207.2
553,0,1022,11,75,3,ice,37,2950.0
554,5,1189,12,72,14,city,24,3417.5000000000005
555,3,1036,11,75,2,forest,38,3026.0
556,0,211,17,94,12,city,25,1014.6999999999999
557,6,1136,15,55,14,ice,35,3317.8
558,8,599,15,55,6,ice,14,1860.5
559,3,1031,21,93,2,city,41,3080.7
560,3,697,24,57,5,city,46,2222.1
561,5,333,18,73,2,ice,25,1244.5
562,2,701,17,71,3,city,23,2127.9
563,5,413,13,68,3,forest,39,1485.4999999999998
564,6,665,24,86,6,forest,40,2250.9
565,9,1135,21,67,6,forest,28,3342.7
566,9,308,13,80,10,forest,32,1297.4
567,2,1137,18,86,3,city,34,3292.1
568,6,1143,10,79,3,forest,31,3296.1
569,2,686,22,91,13,ice,22,2245.2
570,1,1114,11,82,12,forest,45,3320.8
571,9,1193,11,59,13,forest,21,3438.1
572,3,1224,22,86,1,ice,21,3494.5999999999995
573,7,797,22,61,7,forest,17,2452.5
574,8,231,15,79,13,ice,47,1149.3
575,6,1255,24,76,8,forest,35,3702.2999999999997
576,0,1143,13,88,2,ice,23,3241.1
577,2,635,22,58,4,ice,34,2018.6999999999998
578,8,1113,20,70,10,city,38,3302.1
579,0,326,19,61,7,ice,48,1291.2000000000003
580,8,1277,22,78,8,ice,17,3672.1
581,7,921,12,82,1,forest,12,2689.5
582,0,970,12,92,4,ice,17,2806.6000000000004
583,5,504,12,64,6,ice,33,1670.6
584,4,301,15,51,3,forest,35,1162.3000000000002
585,5,137,23,88,5,forest,36,904.3000000000001
586,9,1041,17,93,10,ice,26,3133.2999999999997
587,4,287,20,67,9,ice,37,1212.1000000000001
588,5,1180,16,52,11,forest,19,3379.4
589,4,1040,23,56,13,city,35,3098.7999999999997
590,4,1143,13,92,3,ice,49,3360.3
591,3,372,20,67,5,ice,17,1326.8000000000002
592,2,1242,21,93,8,ice,46,3674.3999999999996
593,2,682,13,87,6,city,12,2078.0
594,3,615,20,86,4,forest,47,2094.9
595,8,625,19,82,8,forest,23,2082.1
596,1,435,24,93,11,city,49,1689.1
597,8,797,20,80,3,ice,22,2444.5
598,0,1178,20,60,3,forest,23,3346.2
599,0,599,23,53,4,forest,50,1994.8999999999999
600,4,999,20,67,9,forest,18,2961.3
601,5,865,11,53,5,ice,22,2500.5
602,5,635,23,98,8,city,47,2186.1
603,2,261,10,83,6,forest,42,1136.7
604,6,693,18,78,3,ice,44,2228.5
605,8,258,21,73,8,ice,24,1130.0
606,9,159,24,71,12,city,29,933.9000000000001
607,7,1014,21,51,9,city,35,2997.0
608,5,310,11,93,8,forest,20,1246.1999999999998
609,7,505,22,55,13,city,42,1790.5
610,4,763,17,91,4,city,21,2337.7
611,7,1232,24,74,14,city,13,3576.2000000000003
612,9,1199,18,70,14,city,49,3574.1000000000004
613,3,641,13,65,13,forest,26,2069.3
614,9,1097,17,80,11,ice,14,3213.5
615,7,1240,18,63,6,ice,42,3583.2
616,9,1026,19,88,1,forest,17,3033.2
617,1,967,19,77,4,ice,14,2803.5000000000005
618,4,118,14,81,8,city,22,717.2
619,8,531,22,77,1,ice,26,1783.3000000000002
620,3,839,23,98,3,city,39,2624.5
621,5,282,16,58,1,ice,21,1052.0
622,0,212,19,94,9,ice,49,1096.3999999999999
623,8,580,13,71,2,forest,18,1850.2
624,0,1269,10,81,9,forest,26,3612.7
625,4,930,12,54,13,city,29,2734.2000000000003
626,3,1236,14,72,4,ice,29,3493.0000000000005
627,2,862,12,54,2,forest,35,2536.2000000000003
628,5,575,21,91,4,forest,13,1913.1
629,1,862,22,81,12,forest,31,2709.7999999999997
630,2,1070,20,59,11,ice,45,3182.0
631,4,1119,16,88,11,forest,37,3358.7
632,8,1241,21,64,10,ice,18,3562.9
633,1,260,18,56,6,forest,49,1140.2
634,9,500,24,78,11,ice,41,1845.0
635,7,297,21,96,7,city,16,1228.3000000000002
636,1,759,15,52,3,city,22,2210.9
637,4,1170,22,68,3,ice,12,3310.6
638,6,498,19,59,12,ice,45,1773.2
639,7,177,10,77,10,ice,12,841.3
640,0,223,16,78,12,ice,30,1031.5
641,5,174,24,64,8,forest,13,898.0
642,0,236,12,84,5,city,32,997.1999999999999
643,1,701,14,55,4,forest,31,2144.5
644,0,936,19,61,7,city,34,2759.4
645,4,599,13,96,7,city,32,1971.5000000000002
646,9,237,19,87,13,forest,35,1202.5
647,8,149,14,62,9,ice,15,769.6999999999999
648,5,1072,14,78,9,forest,23,3153.0
649,0,353,15,68,5,ice,33,1287.6999999999998
650,0,809,23,52,13,ice,31,2491.7
651,1,662,19,57,12,forest,29,2132.6000000000004
652,8,856,21,57,13,ice,12,2587.4
653,2,646,19,69,8,forest,41,2133.6
654,0,1021,22,96,10,ice,44,3132.5
655,4,680,22,53,1,forest,35,2141.8
656,6,148,20,70,9,ice,25,842.8
657,5,1016,15,52,8,city,47,2989.4
658,0,1197,17,94,6,ice,16,3419.7
659,4,803,17,57,13,city,22,2430.9
660,4,360,20,72,3,city,35,1344.0
661,5,455,18,65,3,ice,42,1593.5
662,2,737,17,62,8,forest,24,2279.3
663,4,842,22,52,5,forest,27,2547.8
664,6,1109,20,97,10,forest,35,3373.9
665,4,1030,11,58,11,ice,24,2968.6
666,4,740,23,63,14,city,35,2371.4
667,4,891,23,62,7,forest,37,2744.7000000000003
668,9,711,21,56,5,forest,13,2203.2999999999997
669,9,908,19,64,8,city,27,2725.8
670,2,785,21,56,10,ice,49,2474.5
671,0,287,20,87,10,city,12,1151.3000000000002
672,4,1084,24,83,4,ice,22,3179.8
673,8,647,10,90,2,ice,46,2101.1
674,0,824,19,71,3,forest,40,2533.7999999999997
675,2,1025,11,73,8,city,48,3022.2999999999997
676,3,975,11,98,11,city,28,2914.8999999999996
677,0,717,21,86,13,forest,50,2415.2999999999997
678,0,513,12,93,7,forest,39,1788.3
679,7,1002,19,50,13,ice,40,3009.6
680,1,262,16,59,2,city,14,956.9999999999999
681,7,369,11,92,6,forest,21,1390.3000000000002
682,6,731,23,65,9,ice,25,2307.3
683,9,1005,10,95,4,ice,23,2952.9
684,9,304,23,57,9,forest,41,1318.4
685,1,681,15,98,2,city,43,2177.1
686,5,940,18,74,2,ice,43,2821.8
687,5,695,24,99,9,city,43,2338.7000000000003
688,2,349,12,61,12,city,37,1305.5000000000002
689,1,974,15,74,7,city,12,2793.6000000000004
690,0,295,12,66,7,forest,13,1100.7
691,5,789,23,75,1,ice,28,2421.2999999999997
692,4,1193,22,95,13,ice,41,3592.2999999999997
693,8,738,10,97,11,forest,50,2451.6
694,0,771,23,63,6,city,18,2316.8999999999996
695,6,1271,22,90,13,ice,38,3776.7
696,4,1043,21,85,7,city,20,3066.9
697,4,298,14,72,11,ice,33,1216.1999999999998
698,1,591,19,92,14,ice,45,2067.7
699,2,995,23,55,6,city,12,2850.1
700,6,241,22,96,6,forest,20,1136.9
701,5,264,20,54,2,forest,31,1091.3999999999999
702,1,413,13,92,6,forest,30,1511.1000000000001
703,5,120,16,74,4,forest,47,816.9999999999999
704,1,1205,15,67,9,forest,15,3421.7000000000003
705,1,1254,19,62,12,forest,20,3594.8
706,1,1083,16,92,1,forest,33,3177.7
707,2,404,14,63,13,ice,29,1452.9999999999998
708,1,470,24,77,8,forest,23,1678.6
709,3,952,24,67,5,city,50,2894.4
710,8,483,13,77,1,ice,20,1590.1000000000001
711,5,544,16,76,4,forest,17,1785.4
712,0,524,16,81,1,forest,30,1741.4
713,7,260,15,96,6,ice,18,1111.0
714,6,728,17,58,2,city,27,2192.4
715,9,994,13,89,5,ice,16,2915.0
716,2,589,19,81,7,city,27,1923.5000000000002
717,0,1116,14,69,2,ice,12,3102.6000000000004
718,4,426,13,77,6,ice,48,1553.2000000000003
719,3,697,21,82,6,ice,50,2291.1
720,9,1114,10,53,5,ice,30,3162.6
721,7,388,21,95,5,ice,48,1553.6
722,0,692,17,83,14,forest,28,2259.0
723,9,672,10,97,3,ice,37,2162.4
724,0,127,14,52,10,forest,33,747.5
725,3,1053,24,75,10,city,19,3101.3
726,7,142,15,57,11,city,44,837.4000000000001
727,4,522,15,55,12,city,13,1676.0
728,1,276,22,65,2,city,41,1127.6
729,5,628,14,73,7,city,31,2001.2
730,4,1065,12,97,1,forest,29,3121.9
731,1,297,24,88,6,city,21,1207.5
732,2,709,14,79,6,city,35,2207.5
733,8,941,21,94,3,forest,15,2848.9
734,6,952,17,62,2,ice,48,2840.4
735,6,121,23,54,12,forest,15,777.6999999999999
736,5,1235,11,74,2,city,24,3444.5000000000005
737,7,1180,15,69,14,city,36,3454.8
738,3,1189,18,67,13,ice,24,3437.3
739,7,941,17,96,9,forest,29,2912.3
740,3,197,23,67,11,city,35,996.1
741,7,1267,20,51,5,forest,13,3566.2999999999997
742,8,534,17,59,7,ice,44,1822.0
743,2,736,17,94,12,ice,30,2365.2000000000003
744,2,1209,24,99,5,ice,20,3518.3
745,1,687,22,96,7,forest,39,2294.9
746,9,443,16,61,13,forest,46,1677.5
747,2,670,17,96,4,city,50,2199.0
748,2,710,22,62,8,ice,21,2202.2
749,4,342,15,99,13,city,12,1326.8
750,4,660,11,96,11,ice,32,2152.8
751,1,1059,11,60,14,forest,20,3069.3
752,9,131,17,68,10,forest,26,833.3000000000001
753,5,490,20,84,13,city,46,1807.6
754,4,376,10,88,11,forest,16,1398.0
755,5,631,15,75,10,forest,33,2089.1
756,0,1277,22,95,7,city,34,3704.7000000000003
757,4,482,15,63,10,forest,18,1637.1999999999998
758,8,1191,20,94,5,forest,34,3543.1000000000004
759,9,983,13,93,11,forest,36,3033.4999999999995
760,1,313,21,73,6,ice,38,1262.8999999999999
761,0,475,20,90,5,city,17,1607.9
762,9,843,22,50,7,ice,45,2612.9
763,8,312,24,92,12,ice,20,1340.8000000000002
764,9,178,20,71,2,city,44,933.4000000000001
765,8,727,22,72,5,forest,17,2292.3
766,8,703,19,68,10,city,48,2298.7
767,5,881,12,67,3,forest,42,2656.9
768,7,1100,22,61,9,ice,45,3284.0
769,0,779,20,77,13,forest,40,2512.5
770,9,157,12,77,6,city,25,814.1
771,3,1149,24,82,13,ice,47,3479.9
772,0,980,24,68,10,ice,47,2990.0
773,7,546,22,77,3,city,26,1818.2
774,0,165,22,98,7,forest,19,925.3
775,2,1167,10,86,4,city,37,3335.9
776,3,1220,12,75,14,city,47,3565.2000000000003
777,7,1111,13,84,3,ice,32,3223.3
778,5,326,20,83,8,city,39,1336.9999999999998
779,9,873,20,84,13,forest,15,2727.9
780,6,778,14,89,4,ice,27,2394.0000000000005
781,7,700,12,65,11,forest,33,2238.7999999999997
782,1,478,15,87,1,city,23,1574.2
783,9,808,20,62,6,ice,27,2475.0
784,7,406,23,72,10,forest,49,1629.2
785,2,878,24,71,11,ice,48,2761.9999999999995
786,6,603,21,65,11,city,40,2025.7
787,2,367,14,77,1,ice,29,1304.9
788,6,107,12,97,5,city,21,698.1
789,1,607,15,84,7,ice,50,2031.7
790,9,575,15,94,6,forest,29,1969.3
791,5,263,24,95,14,city,12,1186.7
792,2,584,23,57,2,forest,50,1961.8000000000002
793,2,1195,17,93,11,ice,32,3509.7
794,8,666,11,71,4,ice,12,2018.4
795,6,1004,10,70,11,forest,26,2970.3999999999996
796,4,658,13,75,2,city,15,1982.4
797,9,337,16,89,11,city,31,1369.7
798,6,1227,24,70,1,city,21,3481.8999999999996
799,8,653,20,74,3,forest,34,2139.7
800,0,927,19,90,3,ice,45,2819.1
801,6,567,12,50,12,forest,44,1910.7
802,5,485,12,55,7,ice,45,1648.9
803,9,874,14,72,1,city,50,2651.6
804,8,947,14,72,9,city,21,2793.9
805,0,486,22,92,11,ice,31,1751.8000000000002
806,3,976,19,92,6,city,12,2865.0
807,8,358,12,72,4,ice,24,1295.0
808,3,382,18,81,3,forest,12,1370.2
809,9,139,13,79,3,city,16,729.1
810,2,585,22,62,2,forest,27,1895.7000000000003
811,8,1028,22,92,2,forest,26,3096.0
812,1,319,24,67,14,ice,39,1343.5
813,3,1252,12,72,12,city,42,3608.2000000000003
814,5,1114,20,64,13,city,34,3285.2000000000003
815,1,1123,11,82,10,forest,28,3274.5
816,7,712,19,70,5,ice,45,2287.0
817,7,1027,22,88,9,ice,24,3093.7000000000003
818,0,787,20,72,2,city,25,2352.3
819,2,712,18,76,2,forest,22,2204.0
820,9,359,13,94,12,forest,39,1492.5
821,8,1089,12,93,6,ice,43,3243.8999999999996
822,4,1065,16,67,13,city,46,3178.7
823,5,465,17,73,10,ice,42,1680.5
824,3,643,20,96,2,forest,28,2111.7000000000003
825,9,748,23,89,12,city,20,2411.2000000000003
826,1,913,11,91,4,ice,21,2673.7
827,7,1139,16,56,6,forest,19,3259.7
828,5,1252,21,99,5,city,32,3649.2000000000003
829,4,674,14,97,1,forest,24,2140.4
830,8,1232,24,69,6,ice,16,3534.2
831,0,1112,20,76,1,forest,17,3182.7999999999997
832,4,769,14,55,3,ice,41,2324.2999999999997
833,5,368,12,76,10,forest,42,1444.6000000000001
834,4,1285,14,58,5,forest,28,3623.7
835,5,1023,21,94,14,forest,22,3140.5000000000005
836,5,1225,11,80,10,forest,31,3554.7
837,6,346,13,70,13,forest,20,1338.6
838,3,230,15,75,5,forest,13,976.6
839,7,452,10,89,13,forest,48,1722.0
840,6,295,19,97,10,city,12,1217.3000000000002
841,8,1029,13,94,6,forest,15,3042.5
842,6,1121,15,62,12,city,47,3307.7000000000003
843,2,744,18,98,10,ice,36,2404.7999999999997
844,2,326,23,72,8,ice,14,1247.8
845,7,800,20,69,5,ice,20,2430.8
846,4,364,20,86,14,ice,33,1469.6
847,3,745,22,77,11,ice,34,2390.9
848,7,310,11,66,1,ice,23,1126.0
849,5,1042,20,77,5,city,21,3034.6
850,1,556,16,90,3,city,45,1866.6
851,3,824,15,51,4,ice,21,2397.2
852,3,1081,11,74,13,ice,41,3195.1
853,5,1254,17,99,8,city,33,3655.0
854,5,687,16,90,7,city,17,2153.3
855,0,575,20,55,11,city,13,1811.3
856,7,1085,14,60,5,forest,41,3184.7
857,5,255,21,87,2,city,13,1047.8999999999999
858,2,289,14,55,6,ice,43,1142.3
859,8,1080,16,94,11,forest,27,3262.4
860,1,645,18,60,6,forest,23,2028.3
861,7,140,20,63,10,ice,12,778.0
862,9,406,24,51,10,city,19,1461.0
863,2,1042,18,89,14,city,24,3108.4000000000005
864,4,437,18,52,11,city,26,1509.3000000000002
865,5,1198,15,84,6,city,19,3410.8
866,9,1052,19,82,14,forest,21,3191.4
867,5,378,15,73,9,forest,16,1390.6
868,3,1299,12,68,11,ice,30,3683.2999999999997
869,2,995,10,67,8,city,49,2931.3
870,3,372,16,98,8,city,22,1396.6
871,0,936,13,73,1,forest,31,2738.9999999999995
872,3,719,10,94,5,ice,31,2238.5
873,0,961,24,84,7,forest,32,2938.1000000000004
874,0,1030,17,50,6,forest,29,2977.0
875,9,388,21,85,5,forest,21,1485.2
876,5,823,15,74,8,forest,45,2590.9
877,4,992,15,94,3,forest,37,2990.8
878,3,371,11,98,6,city,41,1410.5
879,2,1189,24,92,5,forest,20,3482.9
880,0,582,10,83,8,ice,42,1913.6
881,5,1035,22,74,4,city,15,2996.1000000000004
882,1,347,23,65,8,ice,17,1289.5
883,7,255,23,83,10,ice,25,1169.1
884,9,1170,11,78,14,forest,15,3410.4
885,4,553,13,68,2,city,37,1774.9
886,6,300,11,72,9,ice,50,1253.2
887,9,223,10,68,13,forest,28,1049.3000000000002
888,1,100,16,74,9,city,30,686.5999999999999
889,7,1067,20,65,14,ice,17,3144.7000000000003
890,1,954,20,58,10,ice,40,2861.6
891,3,739,24,50,10,forest,22,2312.9
892,0,290,21,91,13,ice,27,1255.2
893,4,615,17,68,6,ice,41,2007.5
894,8,541,15,82,4,city,36,1818.9
895,0,242,13,83,4,ice,22,988.8
896,8,632,23,65,13,ice,18,2076.2
897,7,326,15,93,6,city,37,1318.2
898,5,1048,12,89,5,ice,33,3078.4
899,6,559,21,67,6,ice,36,1883.3000000000002
900,2,650,17,83,7,city,30,2078.0
901,0,492,19,74,7,city,42,1703.6000000000001
902,4,944,23,94,9,city,37,2920.0000000000005
903,1,309,22,55,8,city,47,1250.5
904,4,1238,22,70,13,forest,34,3657.4
905,7,745,11,55,6,ice,24,2228.5
906,8,318,14,81,12,ice,36,1322.8000000000002
907,1,506,10,90,6,city,13,1624.8
908,2,987,15,97,14,city,13,2935.3
909,2,657,11,92,5,city,27,2055.3
910,0,649,13,88,1,ice,20,1989.3
911,7,241,15,80,9,forest,39,1147.1
912,5,711,19,91,9,city,24,2270.3
913,7,600,20,59,9,city,46,2008.8
914,8,939,17,79,11,ice,24,2843.3
915,4,801,21,67,8,forest,42,2541.9
916,2,695,17,73,13,city,32,2218.1
917,4,380,20,58,10,forest,43,1481.1999999999998
918,4,523,15,80,13,city,45,1843.1
919,4,955,13,64,3,city,19,2720.7000000000003
920,2,369,17,53,1,forest,13,1253.8999999999999
921,9,253,22,89,11,forest,49,1295.3
922,3,713,17,58,12,city,43,2263.1
923,8,761,19,94,12,city,39,2486.5000000000005
924,9,182,23,58,8,city,48,988.8000000000001
925,8,1046,10,75,7,city,12,2980.8
926,1,998,13,53,13,city,21,2867.3999999999996
927,7,383,13,66,5,city,15,1311.7
928,7,1079,16,65,10,ice,46,3214.7
929,6,272,23,64,7,city,21,1118.4
930,7,1186,23,84,10,forest,22,3519.2000000000003
931,2,1196,20,54,4,city,25,3359.6000000000004
932,5,862,16,54,9,forest,49,2670.4000000000005
933,0,732,22,69,11,city,23,2278.6
934,6,886,20,64,10,ice,28,2691.4
935,0,1042,24,67,14,city,27,3095.6000000000004
936,8,1111,17,96,2,city,46,3304.2999999999997
937,0,497,20,51,9,ice,13,1605.1
938,0,1243,14,78,9,ice,22,3522.3
939,6,1033,16,62,5,city,14,2937.7000000000003
940,1,775,17,53,11,forest,40,2422.2999999999997
941,4,1035,24,91,1,ice,29,3075.7
942,7,564,18,94,7,city,31,1921.4
943,7,385,12,59,10,city,25,1363.3
944,2,364,12,80,10,ice,45,1408.0
945,6,419,13,90,4,forest,42,1570.7
946,2,772,14,57,9,city,29,2319.0000000000005
947,5,919,19,52,6,ice,41,2749.2999999999997
948,5,188,10,97,13,ice,36,1001.2
949,2,920,24,95,3,forest,30,2834.6
950,6,1100,24,58,6,ice,19,3179.6
951,2,433,16,79,13,ice,39,1604.6999999999998
952,7,321,18,60,10,city,19,1222.3
953,9,140,17,84,6,ice,42,883.4
954,3,167,24,86,5,ice,14,870.5
955,0,1087,24,91,2,forest,14,3174.9
956,3,613,14,62,10,city,33,1957.5
957,6,1250,23,85,10,city,28,3653.6
958,3,794,23,62,2,ice,47,2463.2000000000003
959,5,1139,13,61,7,ice,28,3248.7
960,8,576,21,86,2,forest,25,1943.6000000000001
961,0,1185,16,59,12,forest,20,3392.7000000000003
962,4,980,14,58,6,ice,41,2879.9999999999995
963,6,531,16,56,5,city,32,1727.1000000000001
964,0,367,21,51,4,city,23,1270.1
965,3,1158,10,72,7,forest,48,3386.4
966,5,878,10,88,8,ice,43,2692.7999999999997
967,1,593,19,89,4,ice,22,1920.5
968,9,760,23,88,1,ice,31,2406.9999999999995
969,4,1112,22,70,1,ice,46,3264.3999999999996
970,9,1158,12,72,1,city,22,3260.0
971,0,1076,23,78,11,city,19,3151.6
972,5,581,20,63,1,forest,15,1845.3
973,5,827,11,75,5,forest,38,2535.1
974,3,579,11,54,4,city,49,1844.8999999999999
975,7,1188,16,80,13,forest,41,3555.7999999999997
976,3,1131,21,74,14,city,38,3365.7000000000003
977,7,442,19,80,9,ice,32,1621.2
978,7,431,11,99,3,forest,31,1571.1
979,4,537,20,69,14,ice,15,1807.1
980,3,273,13,93,7,forest,22,1154.9
981,1,658,11,66,11,ice,24,2041.2
982,2,626,15,94,8,ice,20,2017.3999999999999
983,2,758,17,51,6,forest,15,2264.3999999999996
984,3,125,19,74,12,ice,23,788.3
985,3,919,13,62,13,city,20,2696.5
986,9,704,24,88,10,ice,24,2315.4
987,4,505,14,77,13,city,37,1759.9
988,3,331,13,91,1,forest,49,1338.7
989,9,632,12,55,8,city,24,1964.3999999999999
990,7,604,14,52,10,forest,50,2029.4
991,5,278,23,84,3,forest,39,1243.1999999999998
992,5,231,18,67,8,city,30,1023.5
993,7,447,17,60,12,forest,35,1638.9
994,6,639,17,69,4,city,30,2018.1
995,9,871,17,54,8,forest,24,2631.7000000000003
996,9,175,21,68,11,city,24,926.1000000000001
997,7,678,17,71,1,forest,39,2174.2000000000003
998,1,953,16,68,3,forest,13,2750.2999999999997
999,8,293,17,96,6,city,21,1208.1000000000001
1000,0,1285,20,65,9,ice,33,3669.9
1001,7,446,23,73,2,forest,24,1593.8
1002,3,1050,17,90,11,city,20,3095.2
1003,3,1210,22,53,1,city,44,3448.6
1004,4,313,23,64,10,ice,25,1257.3
1005,7,672,17,74,3,ice,31,2124.6
1006,4,879,21,93,4,forest,26,2714.1
1007,7,361,19,84,11,ice,43,1477.1
1008,9,829,16,63,5,forest,44,2582.9
1009,0,382,21,98,3,forest,28,1461.7999999999997
1010,9,461,10,68,13,city,35,1624.6999999999998
1011,8,540,13,87,10,ice,41,1886.6000000000001
1012,5,192,22,85,11,ice,24,1004.0
1013,2,852,22,56,2,city,27,2508.0
1014,7,966,13,79,2,forest,13,2811.8
1015,8,241,14,68,7,forest,28,1070.1
1016,5,848,19,98,9,forest,43,2731.0
1017,6,752,15,74,10,ice,19,2319.6000000000004
1018,0,800,13,65,2,city,14,2292.2000000000003
1019,4,1097,24,96,7,forest,23,3295.7
1020,4,148,11,89,7,ice,31,825.4
1021,9,980,15,57,11,forest,27,2930.0
1022,3,1259,24,67,7,city,25,3596.3
1023,5,654,17,77,3,forest,27,2093.4
1024,6,503,24,65,12,ice,44,1825.7
1025,8,991,17,68,7,ice,41,2974.7
1026,0,964,16,91,1,city,23,2798.9999999999995
1027,5,701,15,66,10,city,26,2179.8999999999996
1028,6,440,11,94,1,ice,29,1526.8
1029,2,803,24,62,5,ice,39,2482.7000000000003
1030,7,417,16,56,2,city,34,1431.9
1031,4,717,20,76,9,forest,25,2298.5
1032,8,481,21,59,7,city,41,1691.9
1033,4,332,23,83,4,city,44,1352.1999999999998
1034,8,916,23,85,4,ice,26,2791.0
1035,9,652,14,74,2,city,18,2005.8
1036,3,955,15,55,5,ice,26,2756.7
1037,8,918,19,73,4,forest,49,2849.2000000000003
1038,4,282,17,67,12,forest,22,1185.2
1039,9,1164,23,72,13,forest,40,3527.0
1040,8,496,17,55,1,forest,42,1698.6000000000001
1041,2,878,12,78,12,forest,36,2704.2
1042,3,1006,21,74,8,city,35,3000.4
1043,8,226,21,66,3,forest,30,1047.8000000000002
1044,9,100,23,95,14,ice,13,808.4
1045,5,1291,16,73,6,city,33,3669.8999999999996
1046,1,118,10,60,4,forest,31,674.0
1047,6,683,10,75,9,forest,44,2222.1
1048,1,555,16,83,7,city,19,1794.3
1049,1,1056,24,77,9,city,36,3150.4
1050,0,1232,24,52,10,ice,20,3498.4
1051,2,544,19,60,3,ice,45,1805.6
1052,5,701,18,87,1,ice,34,2216.9
1053,7,202,16,63,5,city,16,873.8000000000001
1054,8,1087,19,75,3,ice,36,3197.2999999999997
1055,6,619,14,97,6,city,19,1990.9
1056,3,1276,17,70,8,city,27,3617.0
1057,5,958,11,88,11,forest,26,2895.9999999999995
1058,4,273,18,79,13,forest,12,1170.3
1059,7,1104,15,57,4,forest,33,3198.8
1060,0,530,22,69,5,forest,14,1743.6
1061,0,826,18,97,5,forest,49,2633.2000000000003
1062,5,949,11,81,4,forest,25,2804.5
1063,9,1089,12,71,4,city,47,3186.9
1064,1,738,21,56,4,forest,29,2274.8
1065,4,519,17,58,4,ice,29,1692.6999999999998
1066,0,693,10,94,4,city,14,2084.9
1067,6,584,24,50,5,city,21,1859.2
1068,0,511,19,78,2,city,50,1749.5
1069,3,1035,24,57,2,ice,12,2948.7000000000003
1070,8,1207,24,53,9,city,38,3516.5
1071,0,1236,24,84,2,city,38,3566.8
1072,3,431,16,52,6,ice,22,1440.5000000000002
1073,5,754,16,94,2,forest,16,2332.4
1074,5,140,22,89,5,city,18,808.4
1075,7,1058,10,56,4,city,30,3000.0
1076,0,204,18,76,12,city,40,1011.6
1077,6,301,17,50,7,city,26,1140.1000000000001
1078,0,549,13,76,7,ice,46,1839.3000000000002
1079,6,1009,19,65,13,city,48,3068.7
1080,2,309,20,87,6,forest,23,1264.7
1081,7,662,14,56,10,city,41,2112.4
1082,2,1241,11,93,5,ice,31,3542.2999999999997
1083,0,812,22,72,1,city,48,2493.2
1084,7,870,18,90,12,ice,14,2671.2000000000003
1085,2,1207,24,60,3,forest,20,3443.1
1086,1,553,21,91,9,forest,50,1992.5
1087,0,766,21,82,14,city,37,2452.6000000000004
1088,2,728,15,99,1,ice,13,2210.6
1089,1,486,12,85,5,forest,34,1677.8
1090,1,395,21,86,2,city,34,1442.9
1091,5,357,16,90,4,city,32,1354.7
1092,0,1204,18,66,14,ice,27,3474.4
1093,1,367,12,84,14,forest,20,1398.1
1094,5,518,11,97,11,forest,24,1809.4
1095,2,334,16,54,1,forest,39,1245.8
1096,3,1085,16,97,3,forest,38,3234.1
1097,0,673,13,81,10,ice,28,2124.3
1098,7,148,20,52,7,forest,49,900.5999999999999
1099,6,1250,18,96,10,forest,47,3750.6
1100,6,322,23,84,3,forest,12,1271.8
1101,2,1020,17,63,4,city,29,2934.2000000000003
1102,9,376,22,97,2,city,20,1420.8000000000002
1103,9,1230,22,80,3,city,24,3538.4
1104,2,519,10,80,9,city,26,1703.5
1105,1,710,10,66,3,city,15,2066.8
1106,0,474,14,73,11,ice,44,1673.6
1107,6,172,15,72,5,city,35,868.4
1108,6,1153,12,67,2,city,47,3308.7000000000003
1109,1,294,22,99,4,ice,21,1209.8
1110,6,1279,18,63,12,forest,47,3764.9
1111,7,1295,21,99,13,city,31,3821.1
1112,0,946,19,64,7,ice,22,2764.6000000000004
1113,8,1164,23,64,14,forest,23,3457.2000000000003
1114,6,1186,24,55,7,forest,29,3457.2000000000003
1115,2,122,15,76,12,forest,41,843.8000000000001
1116,7,459,13,64,3,ice,48,1600.5
1117,6,1198,21,99,5,city,31,3516.0
1118,7,659,16,85,1,city,36,2099.9
1119,5,771,17,57,10,ice,23,2349.5
1120,8,1241,18,64,10,ice,32,3589.7000000000003
1121,4,778,22,52,10,city,36,2410.6
1122,2,539,20,96,11,ice,22,1862.3000000000002
1123,2,1032,15,62,1,ice,20,2911.6
1124,0,106,24,90,5,city,36,770.2
1125,7,520,15,83,13,city,46,1860.3999999999999
1126,1,932,17,73,10,city,43,2819.2
1127,2,658,21,89,9,city,25,2133.6
1128,7,1271,14,81,1,city,12,3532.2999999999997
1129,7,1013,23,81,1,ice,28,3004.4999999999995
1130,3,1106,12,79,4,forest,36,3223.8
1131,3,225,21,98,4,forest,19,1062.6999999999998
1132,4,494,12,62,2,ice,16,1553.0000000000002
1133,5,916,22,50,9,ice,16,2697.0
1134,4,980,15,83,14,city,46,3002.6
1135,6,675,11,64,9,forest,30,2139.1
1136,1,424,15,93,13,city,34,1573.9999999999998
1137,6,1029,22,63,13,forest,20,3084.7
1138,9,932,15,78,2,forest,41,2836.2
1139,6,1154,17,83,14,city,27,3398.8
1140,0,936,16,67,9,ice,44,2813.0000000000005
1141,6,1025,17,56,6,ice,13,2926.4999999999995
1142,4,542,23,78,8,forest,25,1876.1999999999998
1143,2,174,18,80,10,forest,12,893.4
1144,2,656,15,74,13,forest,37,2168.7999999999997
1145,3,1278,23,87,13,city,36,3760.2
1146,1,462,12,63,4,forest,27,1539.8
1147,1,547,19,57,2,city,26,1721.5000000000002
1148,0,361,12,76,2,ice,37,1298.5000000000002
1149,4,224,20,51,9,ice,27,987.4
1150,3,1010,21,66,1,city,25,2910.3999999999996
1151,9,344,10,86,12,city,40,1380.6000000000001
1152,1,641,20,63,7,forest,35,2082.5
1153,2,584,24,74,11,ice,26,1963.2
1154,6,221,22,79,14,ice,30,1109.1
1155,6,224,24,78,3,city,19,1000.0
1156,3,269,14,69,3,forest,45,1142.9
1157,4,223,23,70,2,forest,13,979.5
1158,4,1158,13,71,14,city,38,3383.6
1159,5,1210,18,84,10,forest,21,3536.0
1160,8,745,24,86,6,city,46,2438.0999999999995
1161,1,885,18,65,13,ice,34,2694.9
1162,4,300,24,99,10,ice,19,1288.6
1163,2,468,23,98,2,forest,39,1726.8
1164,3,896,14,92,10,city,34,2734.2000000000003
1165,9,176,19,66,4,city,15,833.0
1166,5,158,13,65,10,forest,25,847.0
1167,7,530,16,51,9,ice,40,1785.0
1168,0,737,24,53,9,city,12,2218.3
1169,9,208,15,70,6,ice,15,924.2
1170,7,1107,13,88,13,forest,43,3359.2999999999997
1171,6,167,22,83,4,city,44,943.7
1172,0,1192,22,79,7,ice,37,3478.6000000000004
1173,1,1288,24,55,14,ice,28,3704.4
1174,2,404,19,66,1,ice,50,1470.4
1175,0,773,11,88,12,ice,34,2411.3
1176,8,464,10,74,4,forest,43,1643.1999999999998
1177,7,920,13,54,5,forest,26,2705.0
1178,1,442,13,54,8,ice,24,1465.1999999999998
1179,8,1046,22,69,12,forest,13,3120.8
1180,6,998,10,65,2,city,30,2850.4
1181,8,1232,15,90,12,city,35,3618.4
1182,5,861,13,86,5,ice,35,2616.7
1183,5,440,10,89,6,ice,22,1518.4
1184,3,1041,10,58,5,city,33,2958.7
1185,9,482,24,54,13,city,26,1701.6
1186,9,1103,22,91,9,city,21,3278.7
1187,1,399,10,51,10,ice,38,1392.3
1188,6,238,17,58,1,forest,20,979.8000000000001
1189,4,458,19,92,14,forest,39,1761.0
1190,5,935,17,85,3,city,12,2723.5
1191,1,582,11,71,14,ice,28,1896.6
1192,4,1008,20,71,2,ice,42,2989.0
1193,9,1234,22,71,12,city,21,3583.7999999999997
1194,3,965,16,83,13,city,48,2965.2999999999997
1195,8,238,23,78,3,ice,40,1118.2
1196,5,1095,17,87,10,ice,29,3244.7000000000003
1197,1,534,17,95,9,ice,49,1896.6
1198,0,608,20,82,13,city,50,2086.0
1199,4,372,19,67,14,ice,17,1390.6000000000001
1200,8,1222,24,56,9,ice,23,3524.6
1201,5,203,20,50,10,ice,25,938.5
1202,9,861,22,82,2,ice,21,2615.5
1203,6,886,16,50,14,ice,31,2675.0
1204,4,264,14,73,3,forest,26,1083.4
1205,9,1098,10,53,14,ice,42,3225.8
1206,5,619,21,53,4,ice,18,1925.4999999999998
1207,4,616,18,67,9,forest,21,2001.4
1208,8,756,22,76,3,city,21,2329.9999999999995
1209,5,712,16,92,13,ice,50,2381.0
1210,7,263,11,81,7,city,39,1123.9
1211,1,163,15,82,12,ice,41,924.5
1212,8,1214,11,77,3,city,48,3497.6
1213,4,1240,24,91,7,city,14,3571.4
1214,6,366,10,90,7,city,26,1348.6000000000001
1215,9,1263,23,85,9,ice,32,3718.7000000000003
1216,0,345,16,55,2,forest,48,1301.5
1217,9,494,22,65,13,city,23,1734.1999999999998
1218,4,575,11,83,6,forest,15,1851.3
1219,9,1076,22,72,9,forest,20,3208.2000000000003
1220,1,1143,23,99,12,forest,50,3518.7000000000003
1221,5,657,23,91,12,city,39,2228.9
1222,0,1117,11,73,2,ice,34,3166.3
1223,2,982,22,98,2,ice,33,2956.6
1224,4,246,20,62,13,city,35,1109.0
1225,3,765,14,67,14,forest,37,2432.1000000000004
1226,2,719,23,62,5,ice,41,2273.1
1227,9,919,14,98,10,city,44,2866.9
1228,4,963,16,86,10,ice,27,2895.1
1229,7,681,10,92,12,ice,33,2215.9
1230,3,1122,17,88,10,city,29,3292.4
1231,0,794,12,91,8,forest,18,2426.3999999999996
1232,6,1225,13,66,11,city,37,3525.2999999999997
1233,7,506,24,64,9,forest,19,1764.3999999999999
1234,2,498,18,67,2,forest,17,1633.2000000000003
1235,5,814,13,72,5,city,41,2475.6
1236,1,803,19,79,14,forest,50,2615.1000000000004
1237,6,860,21,83,7,forest,34,2701.8
1238,7,598,24,53,6,forest,43,2025.3999999999999
1239,5,1073,14,52,6,ice,33,3078.7
1240,5,181,16,56,7,ice,20,835.1
1241,4,703,13,67,3,city,42,2170.9
1242,7,871,23,91,13,ice,18,2725.8999999999996
1243,0,1002,10,56,3,forest,20,2827.7999999999997
1244,9,464,18,89,10,ice,24,1681.6
1245,3,262,13,55,9,city,14,990.5999999999999
1246,3,1171,18,71,14,ice,46,3478.7
1247,2,610,15,50,8,ice,44,1957.3999999999999
1248,2,215,24,53,5,ice,32,970.5
1249,3,1040,10,95,6,city,42,3073.6
1250,0,436,21,98,11,forest,45,1708.8
1251,1,980,12,99,12,ice,43,2992.8
1252,8,836,20,92,10,city,46,2683.6
1253,9,939,11,78,1,city,26,2732.4999999999995
1254,1,246,18,70,10,ice,43,1115.6
1255,4,542,24,75,12,ice,17,1848.8000000000002
1256,8,936,21,63,1,ice,32,2778.2
1257,8,1136,10,58,4,forest,44,3291.2000000000003
1258,7,1042,22,96,2,ice,43,3159.2
1259,0,386,23,61,11,city,30,1424.4
1260,0,819,18,91,7,city,44,2558.9
1261,8,1237,18,55,2,ice,39,3524.7000000000003
1262,7,579,17,69,10,forest,42,1996.7
1263,9,121,17,73,2,city,32,738.9
1264,8,782,20,76,5,ice,45,2486.2
1265,6,1005,23,87,4,forest,26,3037.9
1266,2,419,21,57,8,forest,25,1500.5
1267,2,225,10,50,4,city,30,879.3
1268,1,376,20,98,14,city,26,1476.6
1269,4,293,17,98,12,city,17,1222.9
1270,2,795,19,73,6,city,20,2391.2999999999997
1271,5,156,23,96,5,ice,48,977.8000000000001
1272,1,1286,12,56,11,forest,31,3647.5999999999995
1273,2,118,20,68,14,city,45,831.4
1274,4,363,16,71,2,city,49,1362.9
1275,0,893,20,84,11,ice,37,2758.9
1276,0,212,24,79,13,ice,29,1058.2
1277,9,641,10,78,12,ice,39,2114.3
1278,8,746,10,71,14,forest,20,2340.0
1279,6,678,19,60,8,city,43,2178.2
1280,0,1188,22,69,2,forest,17,3376.6000000000004
1281,7,124,14,78,9,forest,25,799.4
1282,2,100,14,90,9,ice,39,755.5999999999999
1283,7,1010,17,91,3,forest,35,3049.7999999999997
1284,4,240,16,83,4,forest,24,1058.2
1285,0,747,17,50,8,forest,23,2264.7
1286,6,287,15,80,9,ice,30,1198.3
1287,4,1251,15,79,3,city,32,3547.3
1288,5,300,11,97,5,city,38,1224.0
1289,5,1250,15,67,11,city,30,3574.6
1290,7,356,14,66,8,city,35,1335.8
1291,8,646,22,87,3,city,37,2130.4
1292,1,293,12,63,7,forest,39,1177.3
1293,8,802,15,72,11,city,29,2477.4
1294,9,1227,17,74,8,forest,47,3639.3
1295,8,901,18,64,10,forest,40,2795.3
1296,9,1041,10,95,11,ice,28,3109.2999999999997
1297,9,513,12,71,14,forest,15,1758.5
1298,6,1198,12,52,3,city,40,3373.0
1299,0,1009,20,68,2,forest,15,2908.5
1300,6,287,17,93,10,city,21,1205.3
1301,9,144,10,83,13,city,36,868.4000000000001
1302,4,182,14,84,7,city,42,940.5999999999999
1303,5,1246,12,99,12,city,14,3573.0000000000005
1304,9,457,11,50,9,ice,13,1493.8999999999999
1305,6,1189,24,70,1,ice,36,3446.8999999999996
1306,4,1035,17,78,3,forest,17,3011.1
1307,6,474,12,55,5,ice,37,1586.4
1308,8,261,16,86,3,ice,19,1084.1000000000001
1309,2,421,21,50,1,city,46,1464.9
1310,7,549,20,50,7,ice,38,1833.5
1311,1,1136,10,76,7,forest,36,3291.7999999999997
1312,6,283,15,70,10,city,29,1158.3
1313,1,210,12,65,12,forest,12,923.8
1314,3,607,17,93,8,forest,50,2110.7
1315,6,394,15,89,5,ice,14,1405.6
1316,2,1003,21,75,10,city,15,2940.5
1317,1,1073,11,65,12,city,48,3148.5
1318,9,731,15,77,5,city,26,2263.1
1319,6,1150,16,50,5,forest,19,3261.8
1320,0,832,14,85,1,city,49,2527.0
1321,7,420,12,59,10,city,30,1466.8
1322,2,1012,13,92,5,city,37,2986.8
1323,1,536,13,66,6,forest,50,1825.4
1324,2,880,15,72,13,city,21,2631.2
1325,4,1176,19,56,12,forest,49,3494.4
1326,7,825,10,93,1,forest,25,2503.2999999999997
1327,9,130,20,56,11,ice,30,812.4000000000001
1328,6,436,13,93,7,ice,41,1608.2
1329,6,282,19,64,1,ice,16,1072.2
1330,6,1146,22,83,11,forest,42,3477.2
1331,7,643,13,95,2,ice,18,2025.5
1332,0,1197,19,94,2,ice,30,3447.7000000000003
1333,3,1133,10,53,5,ice,42,3218.5
1334,5,759,18,63,14,city,50,2441.9
1335,8,259,13,63,10,city,35,1100.1
1336,1,1137,16,65,13,ice,45,3348.1
1337,0,511,21,56,7,city,34,1697.9
1338,9,1111,23,81,1,city,17,3212.2999999999997
1339,1,152,12,68,10,forest,49,889.4000000000001
1340,6,507,19,51,1,ice,47,1705.3000000000002
1341,2,946,21,59,1,ice,38,2783.6
1342,9,1145,12,99,6,city,22,3322.9
1343,1,1153,23,66,2,forest,16,3290.2999999999997
1344,6,802,17,86,1,forest,28,2476.9999999999995
1345,1,359,17,61,6,city,18,1251.5
1346,2,1182,20,55,14,ice,38,3452.4
1347,6,875,21,71,2,forest,26,2651.2999999999997
1348,3,1135,10,81,6,forest,24,3264.7
1349,0,949,19,90,10,ice,22,2850.9
1350,4,453,11,69,8,forest,37,1600.3
1351,8,1198,17,50,2,forest,33,3421.0
1352,7,972,10,96,11,city,39,2952.2
1353,8,1090,24,55,9,forest,35,3260.8
1354,9,1117,21,68,8,city,40,3310.7
1355,8,1277,17,67,12,city,20,3644.3
1356,6,1219,17,55,10,city,15,3432.5
1357,3,393,11,94,1,ice,29,1394.3
1358,4,308,13,82,7,forest,27,1239.2000000000003
1359,0,1211,15,72,14,forest,44,3571.5000000000005
1360,0,917,21,72,13,forest,40,2852.5
1361,2,489,20,75,10,ice,50,1773.5
1362,7,424,18,62,6,city,21,1461.8000000000002
1363,1,1039,24,56,14,city,20,3046.5
1364,3,988,17,64,6,ice,42,2929.4
1365,1,1280,21,93,6,ice,39,3727.6
1366,4,767,24,76,6,forest,14,2390.7
1367,8,732,17,75,10,city,25,2301.0
1368,0,676,16,82,7,forest,36,2186.0
1369,4,236,23,64,12,ice,26,1082.3999999999999
1370,8,527,22,85,3,forest,13,1793.6999999999998
1371,0,711,18,94,14,city,35,2317.1000000000004
1372,8,1010,24,76,6,city,25,3011.3999999999996
1373,7,918,11,54,3,forest,18,2648.0
1374,3,240,12,51,7,city,47,1012.0
1375,9,1206,19,82,7,ice,35,3540.8
1376,4,276,17,65,8,forest,38,1188.2
1377,4,297,23,72,2,city,48,1238.9
1378,5,723,15,87,9,city,49,2347.5000000000005
1379,6,790,19,65,13,ice,41,2510.7999999999997
1380,7,500,18,63,5,city,38,1701.1999999999998
1381,7,570,19,78,9,ice,50,1994.3999999999999
1382,1,317,13,75,10,forest,26,1249.7
1383,8,1028,17,84,5,ice,37,3075.2000000000003
1384,6,731,19,64,7,forest,12,2255.1000000000004
1385,3,1050,12,52,11,ice,15,2977.6
1386,3,1005,12,72,9,city,40,2962.7000000000003
1387,7,274,17,78,4,ice,12,1084.8
1388,3,122,14,83,2,city,33,718.6
1389,5,334,12,82,9,city,22,1259.6000000000001
1390,4,1136,19,90,13,city,21,3344.7999999999997
1391,2,1224,20,90,2,city,28,3504.0
1392,9,1028,10,72,3,city,47,3017.4
1393,1,622,24,56,10,city,37,2029.6000000000001
1394,8,530,12,52,2,ice,32,1692.2000000000003
1395,9,892,21,81,3,city,24,2689.6
1396,8,632,18,80,6,forest,20,2065.2
1397,0,1078,14,67,3,ice,22,3042.4
1398,9,909,21,92,10,ice,22,2812.3
1399,2,1012,19,56,8,ice,17,2913.2
1400,7,1224,24,90,11,ice,12,3578.6
1401,5,970,11,50,6,forest,17,2777.6
1402,4,639,16,63,7,city,24,1991.3
1403,4,1123,24,81,1,ice,33,3286.4999999999995
1404,5,326,11,55,3,city,42,1195.0
1405,6,972,13,88,3,city,33,2870.7999999999997
1406,0,991,21,59,2,city,48,2913.3
1407,8,1136,16,56,7,city,38,3283.2
1408,2,309,13,75,9,ice,25,1194.3
1409,3,840,16,83,4,ice,16,2497.6
1410,9,496,16,79,12,forest,47,1845.6000000000001
1411,0,1223,10,85,5,city,43,3490.1
1412,9,130,15,70,3,forest,45,833.6
1413,2,997,18,66,11,forest,18,2946.4999999999995
1414,1,748,11,82,9,city,21,2265.4
1415,1,428,23,59,14,ice,28,1557.1999999999998
1416,0,1289,12,96,4,city,41,3677.7
1417,7,1051,19,91,5,forest,32,3169.1
1418,2,1223,14,61,1,forest,24,3423.7
1419,2,720,18,65,11,city,12,2190.6
1420,5,1296,13,90,12,city,12,3677.8
1421,7,261,10,81,13,ice,44,1184.1000000000001
1422,8,875,13,64,2,city,49,2629.5000000000005
1423,8,373,15,76,12,ice,36,1455.3000000000002
1424,3,1126,14,77,13,forest,37,3349.4
1425,4,1151,23,66,9,forest,24,3376.3
1426,1,425,22,95,2,city,39,1559.7
1427,8,1039,10,99,5,city,44,3104.1000000000004
1428,7,1272,13,51,13,ice,48,3676.3999999999996
1429,2,639,15,85,8,city,41,2085.2999999999997
1430,8,587,22,99,3,ice,19,1963.6999999999998
1431,2,921,24,56,6,ice,12,2685.2999999999997
1432,8,1188,19,62,4,forest,23,3416.8
1433,1,455,19,64,11,city,16,1539.7
1434,9,334,23,74,7,ice,35,1367.2
1435,8,326,13,72,10,city,17,1229.8000000000002
1436,7,148,24,71,14,city,36,933.2
1437,8,217,23,75,13,ice,12,1041.5
1438,4,153,18,82,3,forest,36,881.7
1439,1,664,14,60,6,ice,12,1986.6000000000001
1440,7,1167,17,59,12,forest,43,3462.3
1441,5,152,18,74,10,city,14,804.5999999999999
1442,7,657,19,86,9,forest,30,2195.5
1443,4,1225,14,97,11,ice,40,3611.1
1444,9,967,15,92,10,forest,13,2922.5
1445,1,497,10,87,1,city,20,1582.1000000000001
1446,5,1261,20,90,3,forest,28,3660.7
1447,4,774,21,94,2,ice,47,2476.6000000000004
1448,4,486,24,73,8,forest,28,1740.7999999999997
1449,0,210,16,89,7,forest,23,994.8
1450,1,713,13,95,2,forest,31,2242.1
1451,7,116,20,82,6,city,14,725.4
1452,2,983,11,66,3,ice,15,2772.2999999999997
1453,9,640,14,73,8,city,28,2048.7999999999997
1454,2,270,21,86,10,city,48,1237.8000000000002
1455,7,508,12,51,13,forest,26,1720.0
1456,7,839,15,81,3,ice,44,2587.1
1457,1,957,17,73,10,ice,27,2842.5
1458,7,329,16,58,14,ice,22,1276.3
1459,0,218,12,53,9,ice,31,921.6
1460,5,1279,17,66,1,city,49,3645.7
1461,7,883,11,66,5,forest,35,2655.7
1462,2,564,19,99,3,city,27,1871.8
1463,7,203,18,97,6,forest,41,1092.3
1464,0,797,13,79,10,forest,45,2514.3
1465,8,274,10,89,2,ice,12,1057.6
1466,8,844,17,60,9,city,35,2572.8
1467,4,1257,16,70,6,city,35,3579.7
1468,9,764,20,70,7,forest,20,2397.4
1469,3,132,22,67,5,ice,33,790.0
1470,5,154,14,78,9,city,23,816.0
1471,6,618,19,73,1,forest,28,2000.3999999999999
1472,4,855,22,59,5,city,36,2582.5
1473,9,111,14,94,11,city,39,829.3
1474,8,819,16,66,10,forest,26,2537.8999999999996
1475,2,654,14,67,11,forest,41,2140.8
1476,6,472,17,91,6,ice,38,1701.0
1477,9,583,20,97,7,ice,33,2015.9
1478,9,1072,22,69,12,city,21,3174.4
1479,4,722,15,86,4,ice,42,2291.4
1480,6,406,22,94,12,ice,38,1615.8
1481,1,556,14,67,13,ice,23,1817.6
1482,3,259,18,66,1,forest,42,1111.3000000000002
1483,1,430,20,58,11,forest,43,1598.3999999999999
1484,6,875,11,63,8,ice,43,2641.2999999999997
1485,1,324,10,98,10,forest,46,1363.8
1486,0,1082,17,78,4,forest,32,3163.8
1487,8,828,21,80,3,city,21,2512.7999999999997
1488,0,1168,12,53,12,forest,27,3335.4
1489,7,1182,23,67,7,forest,18,3437.4
1490,1,743,20,69,12,ice,15,2292.7000000000003
1491,7,715,21,96,2,forest,38,2349.7
1492,2,294,21,92,8,forest,36,1300.2
1493,5,588,21,93,14,city,42,2072.7999999999997
1494,2,256,16,58,6,forest,22,1041.2
1495,6,709,19,62,7,forest,31,2256.5
1496,9,511,22,64,14,forest,47,1900.5
1497,8,1202,20,76,5,forest,28,3511.7999999999997
1498,1,1247,17,64,9,forest,22,3554.5000000000005
1499,4,570,24,77,5,ice,41,1949.6000000000001
1500,5,615,22,86,11,ice,46,2134.1
1501,3,1227,22,68,5,forest,49,3610.9
1502,3,492,15,75,3,ice,33,1651.1999999999998
1503,3,730,21,75,11,forest,38,2385.7999999999997
1504,1,707,19,74,1,city,48,2222.1
1505,3,1079,23,75,2,forest,46,3231.1
1506,0,533,18,75,8,forest,15,1765.1
1507,5,1266,16,95,1,city,27,3600.6
1508,0,639,24,77,7,ice,27,2071.7000000000003
1509,9,377,19,98,14,ice,32,1544.3
1510,5,332,14,67,14,forest,37,1359.6000000000001
1511,0,1213,17,81,5,city,47,3511.1
1512,5,461,24,52,3,forest,30,1607.5
1513,9,125,11,51,12,city,28,723.7
1514,7,1148,16,82,12,city,37,3398.2000000000003
1515,1,606,24,91,11,ice,33,2073.0
1516,1,366,13,68,7,ice,39,1346.8
1517,3,560,18,66,9,forest,12,1825.4
1518,2,555,21,93,2,city,47,1904.9
1519,3,1191,10,82,8,city,48,3456.1
1520,6,1106,16,61,9,ice,13,3155.6
1521,0,962,15,98,11,forest,28,2933.3999999999996
1522,5,590,17,52,3,city,49,1906.8
1523,2,1172,14,92,2,forest,32,3397.2000000000003
1524,9,663,24,98,7,city,20,2188.5
1525,6,1225,10,75,5,ice,24,3454.3
1526,9,315,10,84,5,forest,22,1237.7
1527,1,658,18,57,10,forest,27,2095.8
1528,1,258,24,85,5,forest,27,1157.4
1529,3,588,19,56,4,city,13,1804.6
1530,0,785,15,95,13,ice,19,2439.9
1531,2,893,19,95,5,ice,24,2702.3
1532,8,104,14,85,13,city,28,766.2
1533,6,460,24,65,4,forest,50,1709.8
1534,6,558,10,73,13,city,35,1863.1999999999998
1535,3,347,15,50,6,forest,14,1224.5
1536,1,1045,15,98,4,city,41,3095.1
1537,3,521,12,74,2,ice,24,1667.5
1538,5,114,22,59,9,forest,30,786.5999999999999
1539,2,835,17,65,2,city,18,2426.5
1540,0,1245,23,65,9,ice,20,3546.3
1541,7,376,24,57,10,city,30,1424.4
1542,4,552,10,78,6,forest,33,1834.3999999999999
1543,4,697,10,88,9,ice,29,2197.7000000000003
1544,3,545,15,77,9,ice,34,1834.5
1545,5,309,19,55,3,ice,13,1119.6999999999998
1546,2,813,22,65,1,ice,22,2419.1
1547,8,401,10,69,1,ice,42,1419.9
1548,4,102,15,65,3,city,44,682.4000000000001
1549,2,1089,10,56,5,ice,25,3055.7
1550,0,1216,23,90,13,city,27,3568.0
1551,9,619,22,63,3,forest,22,2009.1
1552,5,592,15,92,12,city,44,2036.6000000000001
1553,1,719,12,75,9,city,18,2173.9
1554,2,1284,23,75,9,city,42,3734.2000000000003
1555,0,430,23,63,3,city,25,1465.1999999999998
1556,8,432,24,56,3,ice,39,1557.6
1557,7,149,17,82,12,forest,27,916.6999999999999
1558,1,962,22,75,14,ice,30,2927.8
1559,7,371,24,94,5,forest,28,1492.8999999999999
1560,8,679,15,69,2,forest,37,2166.1
1561,0,659,22,52,6,city,17,2003.5000000000002
1562,4,795,20,53,7,ice,20,2382.5
1563,7,1213,22,75,13,city,28,3559.7
1564,1,545,10,60,9,forest,42,1812.7
1565,3,1116,24,51,6,ice,23,3201.9999999999995
1566,6,1262,14,63,3,city,34,3550.0
1567,2,456,17,93,12,city,16,1606.2
1568,4,373,12,79,5,forest,47,1438.7
1569,7,1142,21,98,4,city,47,3422.8
1570,9,410,15,61,5,city,14,1387.0
1571,2,969,14,75,8,city,35,2863.1
1572,3,985,15,93,8,ice,28,2943.2999999999997
1573,8,253,19,82,6,ice,50,1194.1
1574,6,719,10,62,1,ice,37,2173.5
1575,0,982,16,63,8,forest,15,2849.2
1576,3,896,18,73,8,city,23,2666.7999999999997
1577,3,224,11,83,2,forest,12,930.4
1578,8,718,19,93,4,city,32,2296.8
1579,5,344,24,75,12,forest,30,1430.4
1580,8,947,14,70,2,city,32,2774.3
1581,5,549,19,77,4,ice,29,1826.5
1582,5,1029,13,97,12,forest,14,3074.1000000000004
1583,4,619,15,85,13,ice,43,2099.7
1584,4,1264,15,89,13,forest,21,3680.6
1585,1,461,20,51,10,ice,26,1568.9
1586,7,107,11,91,7,forest,16,724.3000000000001
1587,7,577,11,58,9,city,15,1795.8999999999999
1588,0,594,13,72,14,ice,39,1971.0
1589,7,932,10,64,14,ice,15,2738.6000000000004
1590,4,1162,18,62,8,city,26,3322.2
1591,1,692,23,72,12,ice,28,2231.4
1592,1,286,23,66,9,ice,14,1136.8
1593,5,853,22,97,8,forest,21,2681.7
1594,8,192,16,51,2,city,34,863.4000000000001
1595,0,185,21,69,7,city,29,895.5
1596,5,1167,16,69,2,ice,12,3267.1000000000004
1597,8,236,24,95,13,forest,46,1277.8
1598,7,520,12,52,12,forest,42,1796.2000000000003
1599,5,173,24,61,11,forest,12,907.3000000000001
1600,2,1279,20,89,2,city,14,3594.5000000000005
1601,7,270,24,51,4,forest,14,1093.8
1602,8,269,21,85,1,ice,48,1210.3000000000002
1603,0,971,12,63,5,city,30,2782.1
1604,8,421,10,65,6,city,40,1478.7
1605,5,555,12,68,9,city,36,1826.1
1606,5,1043,12,83,10,city,44,3111.9
1607,3,889,13,93,8,ice,47,2752.1
1608,0,712,13,95,2,ice,40,2233.4
1609,9,1278,12,55,1,city,37,3570.6
1610,7,988,19,62,2,city,15,2829.8
1611,1,448,21,85,7,city,25,1580.4
1612,0,1296,17,71,4,ice,38,3672.6
1613,1,109,17,67,10,forest,44,793.7
1614,0,839,22,61,5,city,33,2517.2999999999997
1615,0,766,22,79,12,forest,14,2406.0000000000005
1616,8,645,10,89,7,ice,34,2091.5
1617,0,228,16,56,3,forest,32,967.2
1618,3,700,20,81,10,forest,34,2298.0
1619,9,704,11,97,2,city,15,2158.8
1620,5,426,10,68,13,forest,32,1549.6
1621,6,1079,12,55,7,forest,48,3178.5
1622,1,503,13,69,5,forest,42,1716.7
1623,5,728,22,76,14,ice,32,2371.4
1624,6,817,15,92,1,ice,37,2514.5
1625,9,1140,19,86,1,city,46,3364.5999999999995
1626,9,373,23,97,9,ice,49,1574.5
1627,1,784,14,56,5,ice,35,2344.2
1628,1,215,24,54,1,ice,22,906.9
1629,9,960,24,60,7,ice,40,2923.4
1630,6,792,23,64,9,city,14,2410.4000000000005
1631,0,1214,13,52,11,ice,12,3369.0
1632,7,1205,17,54,1,forest,30,3425.5
1633,2,423,20,72,10,ice,33,1547.5
1634,5,1060,21,86,14,city,25,3183.0
1635,8,213,23,58,13,city,25,1023.7
1636,5,1181,13,64,4,city,27,3323.5000000000005
1637,8,253,22,52,14,city,44,1172.5
1638,6,414,19,78,3,forest,24,1502.9999999999998
1639,8,1164,21,55,5,ice,49,3413.8
1640,1,204,22,66,7,city,23,928.2
1641,7,453,11,75,8,forest,49,1666.8999999999999
1642,7,1115,24,70,13,ice,50,3398.1
1643,1,832,12,57,2,city,44,2449.6000000000004
1644,3,808,15,70,7,ice,44,2494.2000000000003
1645,6,750,17,60,14,city,40,2379.8
1646,3,923,17,87,14,city,16,2779.9
1647,3,1046,24,57,1,city,17,2973.0
1648,5,760,20,91,7,ice,42,2454.0
1649,9,198,24,73,8,city,27,1000.6
1650,5,687,18,84,2,forest,42,2238.1
1651,9,381,16,63,9,ice,36,1436.1
1652,2,502,22,63,1,city,44,1695.6
1653,8,1232,11,59,13,city,24,3498.2000000000003
1654,9,799,17,61,6,forest,21,2443.0999999999995
1655,1,298,16,87,1,city,35,1168.6000000000001
1656,5,426,17,93,3,city,21,1497.3999999999999
1657,6,253,21,95,11,forest,42,1265.1000000000001
1658,8,651,12,83,6,city,24,2054.1
1659,2,504,16,90,3,ice,14,1654.3999999999999
1660,9,561,19,59,8,forest,45,1946.8999999999999
1661,2,231,22,66,5,ice,39,1049.5
1662,6,890,18,66,2,ice,30,2642.6
1663,3,973,12,52,4,city,34,2783.5000000000005
1664,7,183,23,80,9,ice,43,1032.9
1665,6,853,19,50,4,forest,24,2546.1000000000004
1666,4,727,15,61,10,ice,44,2298.5
1667,6,1232,11,88,10,ice,45,3609.6
1668,2,320,11,53,8,forest,44,1245.0
1669,1,652,14,91,5,city,16,2018.4
1670,5,1270,14,62,11,forest,14,3598.4
1671,1,211,22,83,11,city,18,995.9000000000001
1672,2,714,16,91,10,forest,35,2329.2
1673,5,1023,21,70,13,city,33,3073.7
1674,4,574,11,71,13,city,34,1891.6
1675,7,935,20,53,14,forest,41,2895.1
1676,8,370,23,67,1,ice,29,1374.4
1677,2,520,22,54,7,city,43,1760.8
1678,9,806,16,68,3,forest,18,2438.7999999999997
1679,2,139,14,51,10,city,44,778.5
1680,2,288,23,61,8,city,16,1123.0
1681,5,1287,15,66,14,ice,39,3727.3
1682,0,1093,17,59,12,city,19,3123.5000000000005
1683,6,635,19,83,3,ice,26,2042.8999999999999
1684,0,1127,22,55,1,ice,15,3149.7
1685,4,389,23,57,5,city,45,1447.9
1686,9,532,21,60,2,city,16,1710.6000000000001
1687,7,570,13,61,11,forest,44,1946.2
1688,3,727,22,58,4,forest,16,2226.1
1689,4,378,16,51,1,forest,49,1391.2
1690,3,976,15,57,9,ice,45,2903.2000000000003
1691,3,680,19,60,6,ice,37,2146.6
1692,7,962,11,85,8,city,12,2801.0
1693,1,353,24,59,11,ice,15,1312.5
1694,0,280,17,70,4,ice,50,1168.8
1695,2,780,19,69,9,ice,37,2433.0000000000005
1696,8,924,18,97,2,ice,44,2850.6000000000004
1697,3,799,14,57,9,forest,44,2481.5000000000005
1698,9,665,19,85,12,ice,19,2179.7000000000003
1699,4,779,13,78,5,forest,31,2406.2999999999997
1700,1,490,15,91,13,forest,27,1754.2
1701,3,1208,17,61,6,ice,32,3440.7999999999997
1702,1,311,20,63,3,city,37,1193.1
1703,1,483,24,97,4,forest,34,1761.5
1704,3,441,12,99,6,forest,29,1597.3
1705,5,943,19,70,7,city,42,2847.3
1706,6,1161,20,71,1,ice,23,3313.4999999999995
1707,9,519,20,70,7,forest,12,1759.3000000000002
1708,2,850,10,93,1,ice,20,2494.7999999999997
1709,2,1292,13,99,5,ice,14,3640.6000000000004
1710,9,405,24,79,6,city,37,1548.9
1711,5,801,13,88,13,forest,20,2510.7
1712,2,968,10,69,2,ice,27,2766.6000000000004
1713,1,636,18,73,13,ice,35,2093.2
1714,7,1235,12,72,10,forest,25,3558.9
1715,4,305,14,56,9,forest,14,1153.3
1716,0,595,15,58,14,ice,45,1973.8999999999999
1717,2,1170,17,50,10,forest,44,3413.8
1718,9,603,15,75,6,ice,35,1986.7
1719,7,1145,12,87,7,ice,20,3299.3
1720,3,312,15,87,14,ice,24,1278.0
1721,6,409,10,93,10,ice,13,1454.6999999999998
1722,9,760,13,71,8,ice,18,2318.3999999999996
1723,1,852,15,93,11,ice,32,2635.2
1724,6,371,16,59,13,ice,30,1396.8999999999999
1725,4,1037,20,55,10,forest,36,3094.7
1726,4,131,22,66,1,ice,33,761.5000000000001
1727,5,542,20,99,14,forest,22,1943.0
1728,8,261,19,87,8,city,44,1208.3
1729,5,866,12,73,4,ice,43,2613.0
1730,7,353,18,59,10,city,32,1341.7
1731,6,620,21,57,8,city,50,2061.0
1732,8,1076,21,70,13,city,31,3214.7999999999997
1733,3,109,16,55,6,ice,19,632.5
1734,1,825,23,70,11,forest,48,2646.2999999999997
1735,6,604,10,88,9,city,20,1934.3999999999999
1736,5,884,11,73,11,forest,36,2709.9999999999995
1737,0,535,10,82,4,city,36,1733.9
1738,8,1234,20,67,2,city,44,3559.6000000000004
1739,8,252,18,77,14,city,13,1101.8
1740,1,1016,18,81,2,city,30,2953.6
1741,2,968,16,61,5,city,31,2807.3999999999996
1742,4,1225,19,97,10,city,40,3621.9
1743,4,852,12,91,9,ice,17,2565.4
1744,0,662,22,76,12,forest,28,2184.2000000000003
1745,7,1204,24,59,3,forest,36,3509.6
1746,7,588,14,95,8,forest,49,2066.3999999999996
1747,3,994,24,91,4,forest,15,2975.0
1748,6,1211,13,81,6,forest,41,3542.0999999999995
1749,9,203,16,91,10,forest,31,1073.9
1750,2,1219,23,75,6,ice,14,3472.5
1751,5,1124,18,74,3,forest,34,3290.2000000000003
1752,9,1106,21,60,14,forest,29,3315.6000000000004
1753,9,506,11,72,5,ice,37,1712.8000000000002
1754,8,266,22,83,12,forest,47,1310.4
1755,0,608,17,89,3,ice,19,1924.1999999999998
1756,4,412,24,72,11,city,28,1533.2
1757,3,862,18,78,11,city,42,2675.2
1758,7,780,19,80,1,forest,48,2489.7999999999997
1759,0,576,23,56,7,forest,44,1946.4
1760,8,172,19,89,4,city,38,942.1999999999999
1761,5,1264,18,82,14,city,15,3634.2000000000003
1762,3,681,23,70,7,city,33,2177.5
1763,8,361,19,51,3,ice,37,1332.7
1764,4,344,23,67,12,ice,43,1413.4
1765,4,660,16,96,11,ice,35,2192.4
1766,4,1199,24,82,5,forest,46,3579.1
1767,0,274,18,86,5,city,48,1183.8000000000002
1768,0,208,18,83,13,ice,43,1065.8
1769,7,282,23,69,2,ice,18,1125.8
1770,7,291,12,84,11,city,44,1251.3
1771,5,164,13,99,10,city,42,949.1999999999999
1772,3,1062,11,67,12,city,23,3055.4
1773,1,1223,19,95,2,forest,22,3524.3
1774,1,963,12,73,4,forest,35,2839.9
1775,8,1251,20,57,4,city,19,3514.5000000000005
1776,4,468,20,79,4,city,43,1662.1999999999998
1777,3,950,14,93,6,ice,49,2902.6
1778,9,142,14,59,2,city,33,745.8
1779,0,587,15,72,6,ice,45,1927.1000000000001
1780,6,177,22,98,7,ice,30,990.5
1781,2,925,16,60,11,forest,31,2782.8999999999996
1782,5,773,16,51,10,city,25,2329.7
1783,4,800,10,75,3,forest,44,2461.4
1784,4,858,23,85,11,forest,21,2690.3999999999996
1785,4,827,11,82,12,forest,27,2560.7000000000003
1786,0,1024,21,96,8,city,15,3014.7999999999997
1787,0,1001,18,62,2,forest,38,2936.9
1788,2,988,19,89,11,city,39,3005.8
1789,9,1092,11,74,8,city,27,3159.8
1790,3,1291,15,53,13,forest,44,3737.5
1791,4,438,20,91,11,forest,30,1664.4
1792,1,292,20,68,5,ice,32,1167.0
1793,7,382,10,67,2,forest,33,1371.4
1794,1,489,12,86,7,city,20,1615.1000000000001
1795,8,1099,11,79,14,forest,20,3246.1000000000004
1796,1,624,12,68,2,ice,20,1889.0
1797,8,758,14,72,14,city,38,2411.8
1798,6,815,20,65,6,ice,28,2487.2999999999997
1799,7,990,19,50,10,city,19,2878.8
